star,n,baseline,period,dchi2,dchi2_frame,log10_fap,log10_fap_h0,dchi2_h0,log10_p_single,log_n,log_ncyc,period_at_window_edge,period_offset,jitter_h0_rms,jitter_scale,top_margin,top_period,K,sK,snr_K,K_over_rms,window_peaks,alias_margin,alias_period,half_phase_z,half_amp_z,half_imbalance,block_phase_p,block_amp_p,block_phase_chi2,block_amp_chi2,n_blocks_used,block_phase_rms,growth_rho,apod_gain,ind_max_dchi2,ind_argmax,ind_max_absr,n_indicators,act_period,act_dchi2,act_log10_fap,act_indicator,harm_dist,harm_alias_dist,signal,host,label,P_claim,K_claim,n_clipped,prot_lit,n_known_removed,is_top,window
GJ581,248,2908.971387299709,66.8230172987007,87.78974350736439,104.52141163979849,-14.913917235303767,-12.025309596667983,74.3208233665215,-19.06330058647509,2.3944516808262164,1.6388133678418564,False,-0.014999999999998948,1.920268456525632,0.7818123395229585,34.71475379112907,66.89657386089215,1.713625317329255,0.16771897358954646,10.217241857936468,0.7570203775367317,1.00273;0.99998;0.00285,59.10148796704713,82.21503206820023,0.5878186263440353,0.1717750902928128,0.00887969641147196,0.6575769467505073,0.8445717120596046,1.608001281220097,0.8204414789774378,4,6.906875978880909,0.9928571428571428,0.34742811812604657,19.586855612504063,contrast,0.3986858895571494,8,138.22718757734185,70.26723610148755,-10.878218589457143,halpha,1.4427619847829734,6.521567617680299,GJ 581 d,GJ 581,REFUTED,66.8,2.63,0,130,3,True,0.5
GJ581,248,2908.971387299709,66.8230172987007,87.78974350736439,104.52141163979849,-14.913917235303767,-12.025309596667983,74.3208233665215,-19.06330058647509,2.3944516808262164,1.6388133678418564,False,-0.014999999999998948,1.920268456525632,0.7818123395229585,34.71475379112907,66.89657386089215,1.713625317329255,0.16771897358954646,10.217241857936468,0.7570203775367317,1.00273;0.99998;0.00285,59.10148796704713,82.21503206820023,0.5878186263440353,0.1717750902928128,0.00887969641147196,0.6575769467505073,0.8445717120596046,1.608001281220097,0.8204414789774378,4,6.906875978880909,0.9928571428571428,0.34742811812604657,19.586855612504063,contrast,0.3986858895571494,8,138.22718757734185,70.26723610148755,-10.878218589457143,halpha,1.4427619847829734,6.521567617680299,GJ 581 d,GJ 581,REFUTED,66.8,2.63,0,130,3,True,0.25
GJ581,248,2908.971387299709,66.8,87.70572565302257,104.41788807346506,-14.895880873216479,-12.010739426931265,74.25280977169957,-19.04505634121409,2.3944516808262164,1.6389629870633797,False,0.0,1.920268456525632,0.7819260442422756,34.62469560946275,66.89657386089215,1.7135174810849763,0.16778375156871275,10.212654473775052,0.7569728764698481,1.00273;0.99998;0.00285,59.0068158811905,82.21347435610241,0.37182236198737956,0.17511906305893216,0.008584506161109229,0.7037822626583707,0.8286722857743426,1.407480236682186,0.886550186968416,4,6.544384297008875,0.9928571428571428,0.5494612995852037,19.598979986351143,contrast,0.3986858895571493,8,138.22718757734185,70.26723610148755,-10.878218589457143,halpha,1.4577619847829721,6.5065676176803,GJ 581 d,GJ 581,REFUTED,66.8,2.63,0,130,3,True,0.0
GJ581,248,2908.971387299709,36.333666452506826,10.083783692158477,10.305449377992646,-1.6586432424716855e-14,-7.232455999149659e-16,9.868478666765183,-2.1896658071052126,2.3944516808262164,1.9034302245430377,True,0.4999999999999952,1.920268456525632,0.9721945374628652,-66.78580528447314,66.89657386089215,0.5744943871110543,0.1793806013526405,3.2026561555653834,0.2538499631781867,1.00273;0.99998;0.00285,-1.781066175125014,40.28337733527954,2.304080672057324,0.9210690154218034,0.09815857128561134,0.1293511603828805,0.25776483486591445,5.660442614118879,4.03448063751808,4,49.17447772027863,0.38928571428571423,0.0,17.199797859303654,contrast,0.3986858895571494,8,138.22718757734185,70.26723610148755,-10.878218589457143,halpha,4.116729116277316,2.6004994658542513,GJ 581 g,GJ 581,REFUTED,36.562,1.29,0,130,3,False,0.5
GJ581,248,2908.971387299709,36.4474756178286,5.273336678240867,5.331855150659364,0.0,0.0,5.215745560270899,-1.1450905102890159,2.3944516808262164,1.9020719954367171,True,0.25000000000000266,1.920268456525632,0.9856134494790433,-70.22740099393918,66.89657386089215,0.43185502966434,0.18720042862091868,2.3069126115028693,0.19082460994446226,1.00273;0.99998;0.00285,-8.902051856686512,151.55346521750826,3.436437034806999,0.5913962467314489,0.002770315872701601,0.004576829169012153,0.6084034067090276,13.027819318022534,1.8301159134984257,4,61.40018971715421,-0.7214285714285712,4.0593494221235975,17.643111091162478,contrast,0.3986858895571494,8,138.22718757734185,70.26723610148755,-10.878218589457143,halpha,4.366729116277308,2.3504994658542584,GJ 581 g,GJ 581,REFUTED,36.562,1.29,0,130,3,False,0.25
GJ581,248,2908.971387299709,36.562,0.8411715813392675,0.8424203535606012,0.0,0.0,0.8399229389396117,-0.1826580880547381,2.3944516808262164,1.900709505223117,False,0.0,1.920268456525632,0.9978850149081858,-73.35131344030309,66.89657386089215,0.18064047788619103,0.1968230626197474,0.9177810541195554,0.0798207774862641,1.00273;0.99998;0.00285,-17.710372434038963,149.60491194895317,4.001362411500461,0.7831201384229218,0.060905748346927635,0.00021814344600483472,0.9741714115160812,19.473965553145675,0.22075353177290882,4,75.80374934572583,-0.8964285714285712,9.17406749106297,18.23913624177955,contrast,0.3986858895571494,8,138.22718757734185,70.26723610148755,-10.878218589457143,halpha,4.616729116277311,2.1004994658542557,GJ 581 g,GJ 581,REFUTED,36.562,1.29,0,130,3,False,0.0
GJ581,248,2908.971387299709,424.4703815035383,2.623354258253812,2.641725029109481,0.0,0.0,2.6051897683511838,-0.5696541392185144,2.3944516808262164,0.8358920578996949,False,0.13500000000000062,1.920268456525632,0.9919129346584684,-72.21238227225467,66.89657386089215,0.3124545385839315,0.19491054000896682,1.6030664045646639,0.1380656233610173,1.00273;0.99998;0.00285,-12.1309783492094,192.60656584581662,1.34967817113822,1.4839896659072094,0.3191743239985275,0.0817673142718271,0.30635812209190677,6.709202394240663,3.6133315437566838,4,77.16159534859113,-0.3857142857142856,2.1379746388367273,18.568213445845476,contrast,0.3986858895571493,8,138.22718757734185,70.26723610148755,-10.878218589457143,halpha,14.191678212942639,5.8916782129426375,GJ 581 f,GJ 581,REFUTED,433.0,1.3,0,130,3,False,0.5
GJ581,248,2908.971387299709,424.3155936267213,2.6232970669020688,2.641656877585837,0.0,0.0,2.6051433411349305,-0.569641720274277,2.3944516808262164,0.8360504571274909,False,0.13750000000000046,1.920268456525632,0.9919153373787997,-72.21218315578848,66.89657386089215,0.3122163013913149,0.1948076137162489,1.6026904464118126,0.13796035275217555,1.00273;0.99998;0.00285,-12.129029593867127,192.5746893294795,1.34742154886721,1.4844163454578778,0.31886526730684006,0.08103360577464357,0.3084917646524928,6.729622048387485,3.596249437900419,4,77.02611530664583,-0.37499999999999994,2.1540289230377634,18.557282713303564,contrast,0.3986858895571494,8,138.22718757734185,70.26723610148755,-10.878218589457143,halpha,14.18917821294264,5.889178212942638,GJ 581 f,GJ 581,REFUTED,433.0,1.3,0,130,3,False,0.25
GJ581,248,2908.971387299709,433.0,2.473133440839092,2.49005643241609,0.0,0.0,2.4563946726520713,-0.5370341031834099,2.3944516808262164,0.8272515531855599,False,0.0,1.920268456525632,0.9922368389845556,-72.32803272457103,66.89657386089215,0.3142529285459813,0.19957613714364428,1.574601718640334,0.13886032338580465,1.00273;0.99998;0.00285,-12.271611873987997,192.87053084408885,1.4688349671437686,1.462716199347361,0.3295374142291264,0.1286497517466421,0.21790564920444855,5.673000241587132,4.43780318521867,4,84.51548338946837,-0.6321428571428571,1.833618365770461,18.643666776549676,contrast,0.3986858895571494,8,138.22718757734185,70.26723610148755,-10.878218589457143,halpha,14.32667821294264,6.026678212942638,GJ 581 f,GJ 581,REFUTED,433.0,1.3,0,130,3,False,0.0
GJ191,217,6592.025330086704,48.70580097548385,15.715096635287068,16.181268534627193,-0.001166660526823525,-0.000286974211879796,15.26414099819329,-3.4124898756407664,2.3364597338485296,2.1314381776941937,False,-0.25000000000000033,1.7646210944804097,0.9589694438406859,-25.83252090994774,150.32879122485528,0.7971038520020761,0.198446305467249,4.0167230633257,0.3611658098355208,1.00277;1.00217;0.00062,-3.465611900388822,50.41943317043361,1.1206636415253353,0.0890330393626969,0.024012261610302288,0.5929082327093482,0.6519445947487554,1.9024032073756398,1.632938127063733,4,22.79994609616916,0.9107142857142855,0.20657545926843923,12.541660050418265,bis,0.3697505415822071,8,111.80480274694645,64.66399010633872,-9.340176462230012,halpha,17.423488061785182,0.6244936769874584,Kapteyn b,Kapteyn's star (GJ 191),REFUTED,48.616,2.25,0,143; 124.7,0,False,0.5
GJ191,217,6592.025330086704,48.70580097548385,15.715096635287068,16.181268534627193,-0.001166660526823525,-0.000286974211879796,15.26414099819329,-3.4124898756407664,2.3364597338485296,2.1314381776941937,True,-0.25000000000000033,1.7646210944804097,0.9589694438406859,-25.83252090994774,150.32879122485528,0.7971038520020761,0.198446305467249,4.0167230633257,0.3611658098355208,1.00277;1.00217;0.00062,-3.465611900388822,50.41943317043361,1.1206636415253353,0.0890330393626969,0.024012261610302288,0.5929082327093482,0.6519445947487554,1.9024032073756398,1.632938127063733,4,22.79994609616916,0.9107142857142855,0.20657545926843923,12.541660050418265,bis,0.3697505415822071,8,111.80480274694645,64.66399010633872,-9.340176462230012,halpha,17.423488061785182,0.6244936769874584,Kapteyn b,Kapteyn's star (GJ 191),REFUTED,48.616,2.25,0,143; 124.7,0,False,0.25
GJ191,217,6592.025330086704,48.616,13.15525143988566,13.50327980294433,-1.4956122595456176e-09,-5.478585419701422e-11,12.818457897871514,-2.856626554196075,2.3364597338485296,2.132239644144664,False,0.0,1.7646210944804097,0.9644355188808585,-28.16738201620579,150.32879122485528,0.7389441145653438,0.20109592229415335,3.674585273213309,0.3348157157604291,1.00277;1.00217;0.00062,-1.8103471964532183,49.998773259585626,0.04470115220986401,0.8789097882023701,0.21382192432942515,0.2539522544612144,0.5154703529529194,4.070491350735634,2.284637438596368,4,35.771520416429226,0.8785714285714284,2.4277287829703997,12.332531995765782,bis,0.36975268837688935,8,111.80480274694645,64.66399010633872,-9.340176462230012,halpha,17.673488061785182,0.3744936769874581,Kapteyn b,Kapteyn's star (GJ 191),REFUTED,48.616,2.25,0,143; 124.7,0,False,0.0
GJ191,217,6592.025330086704,122.64804416630028,32.58147816835151,34.657047442341316,-2.7329557781948983,-2.3249133014317387,30.644819589920292,-7.074978090383164,2.3364597338485296,1.7303582404576703,False,-0.4899999999999951,1.7646210944804097,0.9155985624147519,-10.221877620943069,150.32879122485528,1.1582211112144907,0.19829886629484597,5.840785340105569,0.5247608777073745,1.00277;1.00217;0.00062,5.2019776048747595,92.46063689822338,3.42722160112189,3.568485102941378,0.33171950724221505,0.010583129729598472,0.0011689705859059564,11.222189440255907,15.935625284702038,4,73.33647003787246,0.2285714285714285,0.9683401157386058,22.896087684100042,halpha,0.36973201263029914,8,111.80480274694645,64.66399010633872,-9.340176462230012,halpha,5.212630105372636,1.1126301053726333,Kapteyn c,Kapteyn's star (GJ 191),REFUTED,121.54,2.27,0,124.7,0,False,0.5
GJ191,217,6592.025330086704,122.10281550256066,26.643709351085818,28.19666208155056,-1.4937292134628657,-1.1982983369456208,25.20064141600707,-5.78560797430532,2.3364597338485296,1.7322931892628062,True,-0.25000000000000033,1.7646210944804097,0.9265201865570944,-15.936138142775189,150.32879122485528,1.076940553620534,0.20514236424085625,5.249722833242312,0.48794120368487015,1.00277;1.00217;0.00062,5.778261335994046,92.15043343851453,2.169859436530458,2.0590622585513096,0.2573513073691815,0.00012483440806325776,0.0022065349329191066,20.64352374816927,14.586354080041838,4,68.14111925792561,0.457142857142857,6.850839561290563,27.383663904571126,halpha,0.36973694128857093,8,111.80480274694645,64.66399010633872,-9.340176462230012,halpha,4.972630105372641,0.8726301053726384,Kapteyn c,Kapteyn's star (GJ 191),REFUTED,121.54,2.27,0,124.7,0,False,0.25
GJ191,217,6592.025330086704,121.54,12.59825869560666,13.089659157766665,-5.0005682942141864e-12,-1.2488040691865247e-14,12.137277901568151,-2.7356771165458156,2.3364597338485296,1.7342996354726263,False,0.0,1.7646210944804097,0.9578999445572166,-28.991720916805047,150.32879122485528,0.7686865863405616,0.21248299155248235,3.6176381964704194,0.3482896166276228,1.00277;1.00217;0.00062,-10.787921988218347,130.1807115251174,0.7227275578647524,0.13757710027414208,0.05204313903801688,4.9008275493801426e-05,4.2076466919267575e-05,22.596521596215702,22.914401739242187,4,74.56740203280498,-0.07857142857142857,21.210833606805252,35.87003294056349,halpha,0.36975011687081827,8,111.80480274694645,64.66399010633872,-9.340176462230012,halpha,4.722630105372641,0.6226301053726382,Kapteyn c,Kapteyn's star (GJ 191),REFUTED,121.54,2.27,0,124.7,0,False,0.0
HD41248,163,5174.8386650998145,18.368402874339193,17.57283038138803,18.658757689254564,-0.164828024485965,-0.07227861697497677,16.572606907415047,-3.8158916330293184,2.2121876044039577,2.449825418221674,False,-0.1749999999999919,2.0843619826148942,0.9363740426017747,-40.32376720713263,25.61594058538202,1.4756757258380029,0.3416255773605317,4.319570382403367,0.4708000733675988,1.00276;0.99997;0.00064,-4.771212111190099,19.348295405132518,0.0890167070538596,1.2870679712906488,0.26639876894567205,0.495906551423673,0.027552726421269786,2.3878167970012276,9.134686891228174,4,59.08993982314251,0.010714285714285713,1.246674785188521,4.251725835707066,rhk,0.31767021940987145,8,25.729568280852423,34.22876742170979,-3.1521654147375107,dlw,80.6008265633607,54.71318761541868,HD 41248 b,HD 41248,REFUTED,18.357,2.93,0,~25,0,False,0.5
HD41248,163,5174.8386650998145,18.368565875178476,17.572695407919127,18.65802583968817,-0.1648123426642695,-0.07230748027137678,16.573023430662715,-3.8158623239129446,2.2121876044039577,2.449821564318238,False,-0.17750000000001434,2.0843619826148942,0.9363907697047363,-40.32258063276649,25.61594058538202,1.4757200838010816,0.3416428637040957,4.319481659301495,0.47081422649254767,1.00276;0.99997;0.00064,-4.768234522762739,19.348476261028985,0.09418524068739142,1.2877464973094856,0.2665230150444594,0.4922918955531158,0.02763365715493951,2.407220762083602,9.12823325450544,4,59.07484995102984,0.010714285714285713,1.2465684365065748,4.254233840441667,rhk,0.3176702194333025,8,25.729568280852423,34.22876742170979,-3.1521654147375107,dlw,80.59832656336067,54.710687615418664,HD 41248 b,HD 41248,REFUTED,18.357,2.93,0,~25,0,False,0.25
HD41248,163,5174.8386650998145,18.357,17.093507696396728,18.162620252052427,-0.11678978848718033,-0.04428116518133319,16.106662105918925,-3.711808034457932,2.2121876044039577,2.4500951065123333,False,0.0,2.0843619826148942,0.9368471942374449,-40.76567274868464,25.61594058538202,1.4586108528430923,0.3422961075364882,4.261254570905709,0.4653557226328137,1.00276;0.99997;0.00064,-5.259232210255906,19.346487032106932,0.46434339211831366,1.2453277408085348,0.2560041721665266,0.6998775207952528,0.023429269761666097,1.424176578744899,9.49081543697586,4,60.73468444001909,-0.03214285714285714,1.3169373805810416,4.270816898293314,rhk,0.3176702200723104,8,25.729568280852423,34.22876742170979,-3.1521654147375107,dlw,80.7758265633607,54.88818761541868,HD 41248 b,HD 41248,REFUTED,18.357,2.93,0,~25,0,False,0.0
HD41248,163,5174.8386650998145,25.619430103080134,65.09478561039509,82.40842264291422,-9.991305868230945,-7.2424530771658135,52.332574963022836,-14.135153095634893,2.2121876044039577,2.3053273496694833,False,0.2249999999999742,2.0843619826148942,0.7753199588307317,33.22541659125493,25.61594058538202,2.5729309701724157,0.28565323745116394,9.007182950665108,0.8208438641056296,1.00276;0.99997;0.00064,34.35819402731948,23.89599180640835,0.1496806719386735,2.792418959751499,0.34519403078905153,0.965913660191623,0.013797986919634811,0.26809046065554176,10.646712233756645,4,3.137668898015247,0.9785714285714284,5.832242599967842,31.66932303505279,dlw,0.31766994625844003,8,25.729568280852423,34.22876742170979,-3.1521654147375107,dlw,0.8646348521284639,2.435365147871553,HD 41248 c,HD 41248,REFUTED,25.648,1.84,0,~25,0,True,0.5
HD41248,163,5174.8386650998145,25.618478869325013,65.094609267441,82.43705778511293,-9.991286134442676,-7.239329396282471,52.317909629083616,-14.135114803248952,2.2121876044039577,2.3053434750570796,False,0.23249999999996976,2.0843619826148942,0.7751619939840918,33.236102961579455,25.61594058538202,2.5715321351581037,0.2853778027988186,9.010974609580776,0.8203975618460199,1.00276;0.99997;0.00064,34.362522007341155,23.895164246334506,0.1513655438931798,2.794432802744561,0.3452092505536162,0.9640092277896849,0.013870522242759155,0.2785587946611367,10.635314612469099,4,3.1461203808925795,0.9785714285714284,5.867930978549168,31.57316586240154,dlw,0.31766994593682274,8,25.729568280852423,34.22876742170979,-3.1521654147375107,dlw,0.8721348521284594,2.427865147871557,HD 41248 c,HD 41248,REFUTED,25.648,1.84,0,~25,0,True,0.25
HD41248,163,5174.8386650998145,25.648,63.04813348660866,78.13352996744855,-9.552365206717594,-7.090457368619453,51.61887831442516,-13.690728233766885,2.2121876044039577,2.304843309418575,False,0.0,2.0843619826148942,0.7880957691302959,30.372088268363953,25.61594058538202,2.593100768930044,0.298266819032663,8.693896214603996,0.8272811264571786,1.00276;0.99997;0.00064,32.212412497723825,23.909792918207245,1.1327761498165079,2.8050261930826266,0.3489568351998702,0.7251316139266124,0.009408786681261536,1.3168677446084835,11.476670992335665,4,10.347389118362106,0.982142857142857,6.24244161311897,33.719327928136735,dlw,0.3176699718764383,8,25.729568280852423,34.22876742170979,-3.1521654147375107,dlw,0.6396348521284897,2.6603651478715267,HD 41248 c,HD 41248,REFUTED,25.648,1.84,0,~25,0,True,0.0
HD26965,86,4535.682201491203,42.38,32.321210085092616,39.012820563826416,-2.727937660939181,-1.629363352596723,27.068740880699327,-7.018461594195728,1.9344984512435677,2.029481665164875,False,0.0,1.7402511985028708,0.8102384029817797,8.575848317999846,42.36130011774526,1.54799798516128,0.24810916030017888,6.239181105963237,0.7579217223173048,1.00274;1.00000;0.00276,17.811897771799398,37.9319722793591,0.4279466298191793,2.1949548098664504,0.2964754301180166,0.508773743085265,0.0040360200634495256,2.31961431317917,13.297216064969302,4,18.334578277281285,-0.075,5.958296875995607,12.162231353796406,rhk,0.43508803070214974,8,,0.0,0.0,,,,HD 26965 b,HD 26965 (omicron2 Eri),REFUTED,42.38,1.81,0,~42,0,True,0.5
HD26965,86,4535.682201491203,42.38,32.321210085092616,39.012820563826416,-2.727937660939181,-1.629363352596723,27.068740880699327,-7.018461594195728,1.9344984512435677,2.029481665164875,False,0.0,1.7402511985028708,0.8102384029817797,8.575848317999846,42.36130011774526,1.54799798516128,0.24810916030017888,6.239181105963237,0.7579217223173048,1.00274;1.00000;0.00276,17.811897771799398,37.9319722793591,0.4279466298191793,2.1949548098664504,0.2964754301180166,0.508773743085265,0.0040360200634495256,2.31961431317917,13.297216064969302,4,18.334578277281285,-0.075,5.958296875995607,12.162231353796406,rhk,0.43508803070214974,8,,0.0,0.0,,,,HD 26965 b,HD 26965 (omicron2 Eri),REFUTED,42.38,1.81,0,~42,0,True,0.25
HD26965,86,4535.682201491203,42.38,32.321210085092616,39.012820563826416,-2.727937660939181,-1.629363352596723,27.068740880699327,-7.018461594195728,1.9344984512435677,2.029481665164875,False,0.0,1.7402511985028708,0.8102384029817797,8.575848317999846,42.36130011774526,1.54799798516128,0.24810916030017888,6.239181105963237,0.7579217223173048,1.00274;1.00000;0.00276,17.811897771799398,37.9319722793591,0.4279466298191793,2.1949548098664504,0.2964754301180166,0.508773743085265,0.0040360200634495256,2.31961431317917,13.297216064969302,4,18.334578277281285,-0.075,5.958296875995607,12.162231353796406,rhk,0.43508803070214974,8,,0.0,0.0,,,,HD 26965 b,HD 26965 (omicron2 Eri),REFUTED,42.38,1.81,0,~42,0,True,0.0
GJ699,213,4568.595374800265,227.4681405900234,40.57935801060387,45.65667175370538,-4.563628100940107,-3.6572097294022776,36.30689401667182,-8.811695631590888,2.3283796034387376,1.3028621182072393,False,0.4599999999999995,1.4873431710686547,0.8566024008719713,-0.9908569872653956,387.042575463862,1.1908680323144232,0.17795701224242627,6.691885963404095,0.6717509333129142,1.00274;1.00007;1.00138,35.793438174939155,33.81072430047581,1.2972249376705753,2.0912257264969227,0.4418655128363655,0.18913719055056727,0.000786713401145256,4.773709972593871,16.77355506961365,4,93.21263494341144,0.7535714285714286,10.683575647958236,20.647041515539453,nad1,0.19015360252004126,8,73.8741180604602,36.05509558362178,-3.3343321419191296,halpha,41.758426294962135,10.737158497187957,Barnard b (233 d),Barnard's star (GJ 699),REFUTED,232.8,1.2,0,143.7,4,False,0.5
GJ699,213,4568.595374800265,229.8716318958487,37.274112502332514,41.428334904190386,-3.8640789255474908,-3.109177525146029,33.708295495930976,-8.09397068880201,2.3283796034387376,1.298297316787616,True,0.24999999999999828,1.4873431710686547,0.8694776820274274,-4.249653247194729,387.042575463862,1.1567437562419807,0.17997149474345334,6.427372056285367,0.652508230284309,1.00274;1.00007;1.00138,31.004223331245353,33.758259126675725,1.9298445912564992,1.7151906380655633,0.4485381949010491,0.31724612597779017,0.00046423290819723164,3.5272415995896447,17.886369937466306,4,86.43611377652375,0.6357142857142856,11.6970608331508,13.70268500903584,nad1,0.19015360149752614,8,73.8741180604602,36.05509558362178,-3.3343321419191296,halpha,41.96842629496213,10.947158497187958,Barnard b (233 d),Barnard's star (GJ 699),REFUTED,232.8,1.2,0,143.7,4,False,0.25
GJ699,213,4568.595374800265,232.80000000000004,27.52655868826389,29.746254353286467,-1.815826108524888,-1.4049602173530926,25.543500228274066,-5.97731627204951,2.3283796034387376,1.2927997197725338,False,0.0,1.4873431710686547,0.9030306030173105,-13.528188918931278,387.042575463862,0.9827136454326035,0.18547976839625074,5.2982255365619055,0.5543523645904069,1.00274;1.00007;1.00138,19.86838748218154,33.758259126675725,2.2336005326206134,1.9704767784418276,0.44961581521227095,0.15509042604335088,8.276273510325422e-05,5.239293161463319,21.5029213584497,4,61.57070170885959,0.4964285714285714,16.01771694732891,10.52241425041262,fwhm,0.19015359507432625,8,73.8741180604602,36.05509558362178,-3.3343321419191296,halpha,42.21842629496213,11.197158497187957,Barnard b (233 d),Barnard's star (GJ 699),REFUTED,232.8,1.2,0,143.7,4,False,0.0
HD204961,180,5864.021685400046,35.71476939316567,13.579265042735472,14.005889173187638,-4.616458993384207e-09,-9.619865617347717e-11,13.165316640042036,-2.94869993818087,2.255272505103306,2.215347717403518,False,-0.15999999999999623,1.6611939769076005,0.9520592115646689,-19.499436803573026,35.171177966495854,0.8426041021609225,0.2251707393814785,3.742067483881217,0.41685957087764564,1.00271;1.00001;0.00026,-1.1437337553503824,39.45234506760388,0.1762368710407848,1.6252039672484329,0.2794992792105886,0.002483658959768667,0.00022240009006708588,14.334324536692058,19.433417958793758,4,76.08759923787086,0.035714285714285705,7.078283323870986,49.906324544040594,nad1,0.3097425101438081,8,35.470710376344755,50.41649368988234,-6.223690446519126,dlw,1.1297248675821407,0.370275132417852,GJ 832 c,GJ 832,REFUTED,35.68,1.79,0,37.5,1,False,0.5
HD204961,180,5864.021685400046,35.71531320262071,13.578601237217129,14.00514681619287,-4.590470416101493e-09,-9.561933644781735e-11,13.16472868138455,-2.948555794644033,2.255272505103306,2.2153411046869436,False,-0.1625000000000016,1.6611939769076005,0.9520635286286148,-19.499979460661535,35.171177966495854,0.8430000632121208,0.22527986799817146,3.7420124163911677,0.41705546402952526,1.00271;1.00001;0.00026,-1.1331117717965942,39.45300865387405,0.16102422217105053,1.6233550695300751,0.2788226381509068,0.0025233087600835596,0.00021568168530727443,14.300565700232154,19.49777650146402,4,75.92388948561043,0.035714285714285705,7.062205322980141,49.866790326511456,nad1,0.3097425101672115,8,35.470710376344755,50.41649368988234,-6.223690446519126,dlw,1.132224867582146,0.36777513241784665,GJ 832 c,GJ 832,REFUTED,35.68,1.79,0,37.5,1,False,0.25
HD204961,180,5864.021685400046,35.68,10.809870145944615,11.084671448504967,0.0,0.0,10.541940892465739,-2.3473334772372225,2.255272505103306,2.215770721971306,False,0.0,1.6611939769076005,0.9613565568362671,-21.994088460893177,35.171177966495854,0.7130686776914479,0.21454204861449477,3.3236779563559735,0.35277528070112296,1.00271;1.00001;0.00026,-4.920317519922552,32.41488739479354,2.407865889551056,1.600067995712742,0.2455371169254379,9.940577835711959e-05,0.0018956430669846965,21.11997427889139,14.909500570276748,4,92.3312551997524,-0.1964285714285714,10.639053217936256,50.12252768591007,nad1,0.309742560209479,8,35.470710376344755,50.41649368988234,-6.223690446519126,dlw,0.9697248675821444,0.5302751324178482,GJ 832 c,GJ 832,REFUTED,35.68,1.79,0,37.5,1,False,0.0
GJ388,124,6293.824979300145,2.225475187279063,178.314531435934,397.458094608143,-33.94770406537374,-15.91123457388911,94.61229471948211,-38.720508522895024,2.093421685162235,3.451491905224037,False,0.39999999999998964,20.219292007091514,0.48337090717334463,-46.46682175150357,2.229017037736518,23.809842999947993,1.1952099948603323,19.921054126333942,1.237679698653917,1.00274;0.00037;0.99998,-3.190682342684056,2.2272865775493793,0.4582583017426182,1.4723975277328398,0.20042465297057366,0.6565033132828451,0.2797229122768152,1.6127455675032045,3.836030425062233,4,3.8428614895242803,0.9892857142857142,0.0,64.03804906120774,crx,0.8219851196189359,8,9.750776197559205,26.343370123666894,-1.0389969520422668,fwhm,,,AD Leo b,AD Leo (GJ 388),REFUTED,2.22579,19.11,0,2.23,0,False,0.5
GJ388,124,6293.824979300145,2.225593231612919,139.56623831277784,257.1758251805552,-25.587395651628015,-13.604339050525859,83.8681091244578,-30.306423579616812,2.093421685162235,3.4514688698545477,True,0.2499999999998625,20.219292007091514,0.5673851374811534,-67.22860558667605,2.229017037736518,22.79261717532889,1.4225400363437684,16.022478519417128,1.1848032621432756,1.00274;0.00037;0.99998,-35.50384903333935,2.2272865775493793,4.049671525563563,1.9510909351010846,0.23755530223202098,1.339774003107636e-05,0.19753342623364975,25.294698081452747,4.6710223385804435,4,18.126045085593194,0.9678571428571429,0.0,63.94498850601922,crx,0.8219855069643274,8,9.750776197559205,26.343370123666894,-1.0389969520422668,fwhm,,,AD Leo b,AD Leo (GJ 388),REFUTED,2.22579,19.11,0,2.23,0,False,0.25
GJ388,124,6293.824979300145,2.22579,46.83722247235767,56.77231563790009,-5.689453119183045,-4.042999507713578,39.07262230695117,-10.170573633709957,2.093421685162235,3.451430474856709,False,0.0,20.219292007091514,0.82784833370404,-97.09963260478072,2.229017037736518,15.510406426825638,2.061316674290392,7.524514122588705,0.8062607178991498,1.00274;0.00037;0.99998,-81.9848659796004,2.2272865775493793,4.493496271683166,5.4337706105388515,0.39534245259242273,3.2163872024059995e-07,1.478137368290952e-07,33.00274146428991,34.60244709932792,4,54.29411830535522,0.33928571428571425,50.522454445396235,64.03804906120774,crx,0.821985854880137,8,9.750776197559205,26.343370123666894,-1.0389969520422668,fwhm,,,AD Leo b,AD Leo (GJ 388),REFUTED,2.22579,19.11,0,2.23,0,False,0.0
GJ559B,305,5101.966374936514,3.2359770574669398,4.134939389786496,4.1638379466201085,0.0,0.0,4.106198510442589,-0.8978906799943371,2.484299839346786,3.197732158141935,False,-0.13499999999988832,13.775143458520251,0.9931122276365771,-23.40163188932145,174.70134651500675,0.6868661487740105,0.3366350066735997,2.040388358778129,0.10394289952982802,1.00273;1.00003;0.00269,-0.93413696207051,3.208806866810858,0.299250580389106,1.4448374511269628,0.45489527558928844,0.7952557264592214,0.5405404993544913,1.0247820623378472,2.156634258404144,4,24.264735001108505,0.9714285714285713,4.25569524463107,7.297663815733474,bis,0.8164881119033396,7,38.79532276946569,51.045512772276034,-6.897485817486963,fwhm,1050.5992840649199,877.8304180278585,alpha Cen Bb,alpha Cen B (GJ 559 B),REFUTED,3.2357,0.51,2,,0,False,0.5
GJ559B,305,5101.966374936514,3.235982188608225,4.134927480315582,4.163822814004476,0.0,0.0,4.106189744685182,-0.8978880938855871,2.484299839346786,3.1977314695015213,False,-0.1374999999999492,13.775143458520251,0.993112609573881,-23.401625844458312,174.70134651500675,0.6868351484848397,0.3366203187468509,2.040385295343272,0.10393820828110742,1.00273;1.00003;0.00269,-0.933741438504482,3.208811912148744,0.30175175987858366,1.4450087269306982,0.4548161719284464,0.7956081874768374,0.5401546598278018,1.0233252281889065,2.1585708068595264,4,24.306784332213194,0.9714285714285713,4.257782890037766,7.289841767941046,bis,0.816488111903255,7,38.79532276946569,51.045512772276034,-6.897485817486963,fwhm,1050.5967840649198,877.8279180278585,alpha Cen Bb,alpha Cen B (GJ 559 B),REFUTED,3.2357,0.51,2,,0,False,0.25
GJ559B,305,5101.966374936514,3.2357,4.096213747722231,4.124739016612005,0.0,0.0,4.067843819530832,-0.8894815136660019,2.484299839346786,3.1977693431028245,False,0.0,13.775143458520251,0.9931566058104295,-23.43827032256083,174.70134651500675,0.6853731246985562,0.33749383875134814,2.0307722571596676,0.103716961402539,1.00273;1.00003;0.00269,-0.9721406277105649,3.2087362337463414,0.16376420013066817,1.4449260331288325,0.46001038882040385,0.7685771774757381,0.5552641615433287,1.1352290210414893,2.08346982932316,4,24.536010730699065,0.9535714285714283,4.160050577449011,7.513338127518197,bis,0.8164881118935121,7,38.79532276946569,51.045512772276034,-6.897485817486963,fwhm,1050.7342840649196,877.9654180278585,alpha Cen Bb,alpha Cen B (GJ 559 B),REFUTED,3.2357,0.51,2,,0,False,0.0
HD285968,106,5162.845444099978,10.234363410537568,7.54762282307621,7.8127546001609725,0.0,0.0,7.2939649971994,-1.6389454717745207,2.0253058652647704,2.7028282899113942,False,0.12500000000001998,4.557946569252379,0.9632104172500572,-23.775949306798214,40.2323603977161,1.6589974466004858,0.5951489875276376,2.7875330066380144,0.3693731727557084,1.00272;0.99974;0.00300,-2.281769650980592,15.641129003967523,1.2490448016904487,1.7080503851334643,0.3997085372785033,0.5187903971810692,0.01934752129828978,2.2674235652022223,9.909926003222287,4,56.76435732589922,-0.6178571428571428,2.8424085514009345,10.161325672351422,bis,0.2324896884732149,8,39.09344379443407,34.733187446776284,-3.002425001912254,halpha,23.79510339401172,8.295103394011747,"GJ 176 b (HET, 10.24 d)",GJ 176,REFUTED,10.2369,11.62,0,39,1,False,0.5
HD285968,106,5162.845444099978,10.234363410537568,7.54762282307621,7.8127546001609725,0.0,0.0,7.2939649971994,-1.6389454717745207,2.0253058652647704,2.7028282899113942,False,0.12500000000001998,4.557946569252379,0.9632104172500572,-23.775949306798214,40.2323603977161,1.6589974466004858,0.5951489875276376,2.7875330066380144,0.3693731727557084,1.00272;0.99974;0.00300,-2.281769650980592,15.641129003967523,1.2490448016904487,1.7080503851334643,0.3997085372785033,0.5187903971810692,0.01934752129828978,2.2674235652022223,9.909926003222287,4,56.76435732589922,-0.6178571428571428,2.8424085514009345,10.161325672351422,bis,0.2324896884732149,8,39.09344379443407,34.733187446776284,-3.002425001912254,halpha,23.79510339401172,8.295103394011747,"GJ 176 b (HET, 10.24 d)",GJ 176,REFUTED,10.2369,11.62,0,39,1,False,0.25
HD285968,106,5162.845444099978,10.2369,7.1165766996923026,7.350478348271329,0.0,0.0,6.892107970052024,-1.545344995358811,2.0253058652647704,2.7027206632554392,False,0.0,4.557946569252379,0.9653869300943524,-24.10663555599764,40.2323603977161,1.639936367774592,0.6065447232200759,2.7037352811650215,0.36512928455380966,1.00272;0.99974;0.00300,-2.543069864030862,15.644683737290613,0.7301627183856564,1.7489063607440098,0.45170327647158925,0.47256503119059845,0.01931992674441145,2.515118476136978,9.913045580071438,4,60.94625847454583,-0.6107142857142855,3.2604625008366472,10.32372407699192,bis,0.23248968751719234,8,39.09344379443407,34.733187446776284,-3.002425001912254,halpha,23.92010339401174,8.420103394011766,"GJ 176 b (HET, 10.24 d)",GJ 176,REFUTED,10.2369,11.62,0,39,1,False,0.0
GJ667,263,5571.762736499775,90.91491429784271,22.45241366834648,23.44617375714354,-0.6924406527580071,-0.5237582170104319,21.513852426462318,-4.875479680786012,2.419955748489758,1.7873574808234636,False,0.46500000000000197,2.372035615647079,0.945889088842828,-24.28554290401221,307.09372028007675,1.0366378302330617,0.21414055197171744,4.840922565521244,0.3854004878755049,1.00272;1.00002;0.00027,-0.08240076220392467,73.03387105037315,0.6697229090721543,1.4838090934123411,0.309469851642785,0.12651306391496514,0.31576493505839015,5.71165968048126,3.5387977505905206,4,25.702033857318927,0.7464285714285712,0.0,49.48921839043349,nad1,0.08151528383784251,8,42.1755565067036,35.29006089566141,-3.0244599152068736,halpha,70.82334936091992,4.716607656905875,GJ 667 C d,GJ 667 C,REFUTED,91.61,1.52,4,~105,2,False,0.5
GJ667,263,5571.762736499775,91.234982382983,18.793034987895226,19.49768810717291,-0.13912164973505342,-0.08018265264651118,18.121991698287584,-4.08085569672882,2.419955748489758,1.7858312219695456,True,0.24999999999999803,2.372035615647079,0.9542210986673473,-27.60310071234507,307.09372028007675,0.9849967978661613,0.22307109827971824,4.4156181838986255,0.36620159878547165,1.00272;1.00002;0.00027,-3.7090805125058885,73.04823363774881,2.3140997672446417,1.7366221296909659,0.299733947146591,0.01924313089642037,0.391294473534043,9.92175048741483,3.002145675970127,4,40.67630848589237,0.6321428571428571,0.0,49.39496847670542,nad1,0.0815152680557762,8,42.1755565067036,35.29006089566141,-3.0244599152068736,halpha,71.03834936091992,4.501607656905872,GJ 667 C d,GJ 667 C,REFUTED,91.61,1.52,4,~105,2,False,0.25
GJ667,263,5571.762736499775,91.61,8.317747200425401,8.465490567594331,0.0,0.0,8.173572302322162,-1.8061758555054863,2.419955748489758,1.7840497313544712,False,0.0,2.372035615647079,0.9787490908517833,-36.84219657691619,307.09372028007675,0.6794822280957087,0.23500191100870407,2.8913902239311655,0.25261789901859066,1.00272;1.00002;0.00027,-13.892881588799929,73.04823363774881,3.3074373808157627,2.582210906126845,0.3000283532814068,0.0018663987891422017,0.0940313980639603,14.942560410705289,6.391735065931429,4,67.9891654296003,0.03214285714285714,10.555581734013048,49.23228330593855,nad1,0.08151522108768494,8,42.1755565067036,35.29006089566141,-3.0244599152068736,halpha,71.28834936091991,4.251607656905874,GJ 667 C d,GJ 667 C,REFUTED,91.61,1.52,4,~105,2,False,0.0
HD20794,546,6629.817624626681,40.23572399935367,16.03611073293837,16.288281668200575,-0.013548385211617813,-0.00878059990625705,15.789321922196441,-3.482197201252322,2.7371926427047373,2.2168897614387797,True,-0.4999999999999921,1.1059131458052305,0.9835982649375059,-7.0367188455729135,252.47180936434336,0.2984091750740861,0.07396157074620455,4.034651671988719,0.2441053120764474,1.00273;0.99998;0.00273,3.071697992574329,45.324971572603005,1.4771212850546693,0.07853128474153355,0.008982704559025834,0.39949144896631095,0.356892448621341,2.94940782835332,3.2342970956993122,4,25.418708751197038,0.05714285714285713,0.5766851985361434,11.86008928031195,halpha,0.23608426054158646,8,121.87369041223522,92.29288439374363,-15.3677904738186,halpha,1.5771441818951775,5.333289310322896,HD 20794 c (40 d; Pepe+2011),HD 20794,REFUTED,40.114,0.56,0,38.8,3,False,0.5
HD20794,546,6629.817624626681,40.17476979816523,11.781993182720953,11.921100981272097,-5.7305641864040444e-12,-1.1292274633353674e-12,11.645148002394366,-2.5584273125387202,2.7371926427047373,2.217548184911768,True,-0.24999999999999606,1.1059131458052305,0.9877802716605534,-11.216388781363609,252.47180936434336,0.2565104330741053,0.07429852408358062,3.452429725058187,0.20983130974664604,1.00273;0.99998;0.00273,-1.1225328619293204,45.294006172671644,2.6908767694760503,0.07503171425151013,0.014831356650463756,0.020333196616690613,0.5054085205339749,9.80126939121147,2.3373231134433867,4,36.4674023440549,-0.3571428571428571,2.444645032317295,12.214361328262239,halpha,0.23608426509457656,8,121.87369041223522,92.29288439374363,-15.3677904738186,halpha,1.8271441818951737,5.0832893103228995,HD 20794 c (40 d; Pepe+2011),HD 20794,REFUTED,40.114,0.56,0,38.8,3,False,0.25
HD20794,546,6629.817624626681,40.114,5.689452985072194,5.723568759135772,0.0,0.0,5.655618801695117,-1.235449018232419,2.7371926427047373,2.218205611675579,False,0.0,1.1059131458052305,0.9939210597551023,-17.14256083891136,252.47180936434336,0.17615114519752031,0.07367639971496054,2.3908761269417935,0.14409569843972891,1.00273;0.99998;0.00273,-6.44244124991578,45.216777464675744,3.58957582119432,0.1826285011049297,0.03350755003626832,0.0004787560338582906,0.8196313471392856,17.821477128597564,0.9240049042210675,4,50.42303630570898,-0.5928571428571427,8.211183801239933,12.240328833380913,halpha,0.23608427164226461,8,121.87369041223522,92.29288439374363,-15.3677904738186,halpha,2.0771441818951697,4.833289310322903,HD 20794 c (40 d; Pepe+2011),HD 20794,REFUTED,40.114,0.56,0,38.8,3,False,0.0
HD85512,580,6553.032554084435,58.17066115928126,23.58691285258942,24.060381130549207,-1.1530387177887196,-1.0608182525222445,23.126730135223042,-5.121833048506237,2.7634279935629373,2.0517383254905517,True,0.49999999999999095,1.068957870400309,0.9727710102866018,-13.24818456838992,49.98268042502741,0.3385636206464853,0.06909642615959107,4.899871664339188,0.2725480186685512,1.00276;1.00001;0.00273,-13.197273049513509,49.987633387232975,0.8051889872555487,5.938090916068631,0.478535874405314,0.6047926419969647,1.675866701311248e-07,1.8468530615975416,34.3442630388936,4,93.80435197081061,-0.15714285714285714,22.552056529739,16.139499670726416,dlw,0.1948023861080259,8,51.59252179937691,55.844388029968485,-7.639297367625044,dlw,14.36331347922913,3.5366865207708593,HD 85512 b,HD 85512,REFUTED,58.43,0.769,2,51.2,0,False,0.5
HD85512,580,6553.032554084435,58.30004217375323,22.067602591700734,22.475850442588065,-0.8541352997452103,-0.7780135657444327,21.66995335321502,-4.791919017204763,2.7634279935629373,2.0507734565208886,True,0.24999999999999548,1.068957870400309,0.9746908216954419,-14.734954638769462,49.98268042502741,0.32814010324308357,0.06938873152376189,4.729011412043371,0.2641570590366133,1.00276;1.00001;0.00273,-11.195705083633246,50.08314404671867,0.6314745981123935,5.893861743494422,0.4780844523258617,0.4458583486508456,2.2338005452030409e-07,2.667035588670546,33.75309202132724,4,86.63062204462193,-0.13928571428571426,24.134223015933166,16.217926555226377,dlw,0.19480243979340264,8,51.59252179937691,55.844388029968485,-7.639297367625044,dlw,14.613313479229125,3.2866865207708638,HD 85512 b,HD 85512,REFUTED,58.43,0.769,2,51.2,0,False,0.25
HD85512,580,6553.032554084435,58.42999999999999,18.238970573834195,18.521554142410803,-0.21806204507749763,-0.18474926349928888,17.96273691180394,-3.960542137905988,2.7634279935629373,2.0498064391346724,False,0.0,1.068957870400309,0.9788976564279055,-18.476213849002722,49.98268042502741,0.29389723779015,0.06857860277141972,4.285553013813112,0.2365913092266962,1.00276;1.00001;0.00273,-8.014857104071723,50.17902038661949,0.5083955580115105,5.8503718887581195,0.4719295444709445,0.14466001851940874,8.3892608944071e-07,5.401341559446837,31.02716481060219,4,82.7568859797484,-0.18214285714285713,27.106239479342285,16.139499670726547,dlw,0.19480255649689004,8,51.59252179937691,55.844388029968485,-7.639297367625044,dlw,14.863313479229122,3.0366865207708686,HD 85512 b,HD 85512,REFUTED,58.43,0.769,2,51.2,0,False,0.0
HD10700,507,6627.872109156568,13.958382644935526,4.375530312378942,4.399371394106233,0.0,0.0,4.351862823358786,-0.950134335033293,2.705007959333336,2.676539020133923,False,0.22500000000001583,1.151469677701745,0.9945896804666148,-15.301846371727692,179.5081076856982,0.156203852555511,0.07447314802126252,2.097451990493458,0.12120903320781115,1.00272;1.00000;0.00273,-6.865492696600117,26.417437432487887,0.08052740711439381,0.422459453642413,0.20729618738743893,0.7673273803424839,0.6246373006684425,1.1404166321436073,1.7556313848435743,4,33.74599453134203,0.6249999999999999,0.1784792671043114,9.701581460317174,nad1,0.24347293234669146,8,121.85971746399703,66.26823977978853,-9.784238616698142,halpha,257.2735090633109,32.832604442120754,tau Ceti b (13.97 d; Tuomi+2013),tau Ceti (HD 10700),REFUTED,13.965,0.64,0,,3,False,0.5
HD10700,507,6627.872109156568,13.958382644935526,4.375530312378942,4.399371394106233,0.0,0.0,4.351862823358786,-0.950134335033293,2.705007959333336,2.676539020133923,False,0.22500000000001583,1.151469677701745,0.9945896804666148,-15.301846371727692,179.5081076856982,0.156203852555511,0.07447314802126252,2.097451990493458,0.12120903320781115,1.00272;1.00000;0.00273,-6.865492696600117,26.417437432487887,0.08052740711439381,0.422459453642413,0.20729618738743893,0.7673273803424839,0.6246373006684425,1.1404166321436073,1.7556313848435743,4,33.74599453134203,0.6249999999999999,0.1784792671043114,9.701581460317174,nad1,0.24347293234669146,8,121.85971746399703,66.26823977978853,-9.784238616698142,halpha,257.2735090633109,32.832604442120754,tau Ceti b (13.97 d; Tuomi+2013),tau Ceti (HD 10700),REFUTED,13.965,0.64,0,,3,False,0.25
HD10700,507,6627.872109156568,13.965000000000002,3.8163964814904148,3.8350830022633673,0.0,0.0,3.797832379053139,-0.8287199663331364,2.705007959333336,2.6763331796825964,False,0.0,1.151469677701745,0.9952079448169059,-15.844669690645333,179.5081076856982,0.14552970064341686,0.07432919245697646,1.9579077322500575,0.11292628432467736,1.00272;1.00000;0.00273,-6.687981550607361,26.44115004620222,0.45697042181223235,0.47348758657419865,0.24142227020606333,0.7232925568982536,0.5068500256970456,1.324631508450919,2.329726528274888,4,43.68634880958604,0.5928571428571427,0.12635333286152894,9.726384212571908,nad1,0.2434730066001633,8,121.85971746399703,66.26823977978853,-9.784238616698142,halpha,257.04850906331086,32.60760444212074,tau Ceti b (13.97 d; Tuomi+2013),tau Ceti (HD 10700),REFUTED,13.965,0.64,0,,3,False,0.0
HD136352,217,4816.812437699642,11.57752816334695,117.68348797398909,155.83016490709502,-21.306618178840814,-15.567830628097044,91.0182017930383,-25.554644719115576,2.3364597338485296,2.6191438894846786,False,0.1750000000000304,1.4701893798358412,0.7324533258590525,124.08254270523042,11.579795805037408,1.5144333290070076,0.12188588490600374,12.425009919523594,0.8961100664985862,1.00276;0.99998;0.00276,124.19297596779042,11.958369388171832,1.4572395318369102,0.6511781674329622,0.04248887655723804,0.032693902557984725,0.3281449382721752,8.757574302090752,3.443645946480009,4,16.1083518746637,1.0,0.0,3.0808837273666128,contrast,0.2599111546647701,8,124.03576052175843,28.472730541541203,-1.957782829514719,dlw,,,HD 136352 b,HD 136352 (nu2 Lupi),UPHELD_INDEPENDENT,11.5824,1.59,0,,2,True,0.5
HD136352,217,4816.812437699642,11.57752816334695,117.68348797398909,155.83016490709502,-21.306618178840814,-15.567830628097044,91.0182017930383,-25.554644719115576,2.3364597338485296,2.6191438894846786,False,0.1750000000000304,1.4701893798358412,0.7324533258590525,124.08254270523042,11.579795805037408,1.5144333290070076,0.12188588490600374,12.425009919523594,0.8961100664985862,1.00276;0.99998;0.00276,124.19297596779042,11.958369388171832,1.4572395318369102,0.6511781674329622,0.04248887655723804,0.032693902557984725,0.3281449382721752,8.757574302090752,3.443645946480009,4,16.1083518746637,1.0,0.0,3.0808837273666128,contrast,0.2599111546647701,8,124.03576052175843,28.472730541541203,-1.957782829514719,dlw,,,HD 136352 b,HD 136352 (nu2 Lupi),UPHELD_INDEPENDENT,11.5824,1.59,0,,2,True,0.25
HD136352,217,4816.812437699642,11.5824,113.10654310033038,148.59222376053845,-20.32120245049372,-14.944184509434907,88.11377675105962,-24.5607737678129,2.3364597338485296,2.618961176326724,False,0.0,1.4701893798358412,0.74018879533882,117.39023191726253,11.579795805037408,1.509630217437992,0.12426659087868266,12.14831924464552,0.8932736094194272,1.00276;0.99998;0.00276,117.52821466671162,11.958746847950845,0.250175485432248,0.7043593254316394,0.047055534430710366,0.009414375080781901,0.4974914943658084,11.475387274376141,2.3793430300700975,4,17.453514646274847,0.9964285714285712,0.0,3.354314764725334,contrast,0.2599122794879791,8,124.03576052175843,28.472730541541203,-1.957782829514719,dlw,,,HD 136352 b,HD 136352 (nu2 Lupi),UPHELD_INDEPENDENT,11.5824,1.59,0,,2,True,0.0
HD136352,217,4816.812437699642,27.58052068029575,180.5687364663462,283.22959105280165,-34.883486742726056,-22.305950233667346,122.2725107043235,-39.21000292578832,2.3364597338485296,2.242157274842884,False,0.009999999999996009,2.5115937894269385,0.62847213971306,218.91079811018872,27.582388220690248,2.275677509524848,0.13560941688218942,16.781117136591195,1.0905624101679638,1.00276;0.99998;0.00276,218.66174027026153,25.635599185070216,0.2699908214278283,0.5908255728725931,0.011245530627828904,0.5348432749089553,0.14833076457337235,2.185332053864992,5.343088313258397,4,4.820744387434254,0.9964285714285712,6.30008174560561,7.330214803262533,rhk,0.23833976807977797,8,124.03576052175843,28.472730541541203,-1.957782829514719,dlw,,,HD 136352 c,HD 136352 (nu2 Lupi),UPHELD_INDEPENDENT,27.5821,2.65,0,,2,True,0.5
HD136352,217,4816.812437699642,27.580125878628667,180.5664544120989,283.22389653353093,-34.882993886762534,-22.305831693893136,122.27196030733931,-39.20950738400481,2.3364597338485296,2.242163491600524,False,0.012500000000011722,2.5115937894269385,0.6284765300022223,218.90591341456332,27.582388220690248,2.2759059182468446,0.13562136239325356,16.78132322286757,1.0906718716917758,1.00276;0.99998;0.00276,218.65697013936847,25.635258100997405,0.24039893791591493,0.5923401245815769,0.01117921850479281,0.5305858813811797,0.148114503730661,2.2069238257369372,5.3464822836034465,4,4.869867049445974,0.9964285714285712,6.255806960082282,7.331270492157856,rhk,0.23833976807943108,8,124.03576052175843,28.472730541541203,-1.957782829514719,dlw,,,HD 136352 c,HD 136352 (nu2 Lupi),UPHELD_INDEPENDENT,27.5821,2.65,0,,2,True,0.25
HD136352,217,4816.812437699642,27.5821,180.55288854337357,283.1936993775925,-34.88006412479667,-22.304122597537308,122.26402472828721,-39.20656159303999,2.3364597338485296,2.2421324069223814,False,0.0,2.5115937894269385,0.628497928552307,218.87966317929641,27.582388220690248,2.2746858136081345,0.135571086811393,16.778546717506853,1.0900871776345442,1.00276;0.99998;0.00276,218.63638709317465,25.636963612130607,0.38838968269430546,0.584593006263642,0.011512224099779977,0.5475280467843024,0.1490908491823334,2.1217355394624633,5.331196642937808,4,4.652105119042496,0.9964285714285712,6.476997931483993,7.323140902907111,rhk,0.23833976807773996,8,124.03576052175843,28.472730541541203,-1.957782829514719,dlw,,,HD 136352 c,HD 136352 (nu2 Lupi),UPHELD_INDEPENDENT,27.5821,2.65,0,,2,True,0.0
HD136352,217,4816.812437699642,106.87018150879268,83.31036625938668,102.38016083193455,-13.900406480898026,-10.770786842342183,68.73980615542104,-18.090616175895246,2.3364597338485296,1.6539031886123428,False,0.3050000000000036,1.136179966182437,0.7938188617117387,69.92748217283952,107.11892975594293,1.2742861206301206,0.12618571450566066,10.098497485410336,0.834056631293598,1.00276;0.99998;0.00276,91.63636528104826,82.87470757618651,0.7347687213040929,0.863470951134557,0.10698063827194926,0.20636783317333385,0.25593941257592906,4.567270443752825,4.051661252685263,4,11.590419374601284,0.9964285714285712,8.002530758489414,4.653254063208792,halpha,0.2177851872161017,8,124.03576052175843,28.472730541541203,-1.957782829514719,dlw,,,HD 136352 d,HD 136352 (nu2 Lupi),UPHELD_INDEPENDENT,107.5983,1.35,0,,2,True,0.5
HD136352,217,4816.812437699642,107.00075238917304,83.15326686483115,102.22102318198922,-13.866702224856523,-10.738067433881632,68.58690098398954,-18.05650247581234,2.3364597338485296,1.653372904119184,True,0.2500000000000005,1.136179966182437,0.7938283327679589,69.76897448830336,107.11892975594293,1.2707676418058853,0.12588008998941488,10.095064611987032,0.8317536923328864,1.00276;0.99998;0.00276,91.4767596996136,82.8280878311155,1.1038912640417053,0.7859312737122928,0.10030849034355138,0.19455279877948894,0.29187271697457895,4.707002237184221,3.732189909171958,4,11.191285689496308,0.9964285714285712,7.560546301112424,4.673128462109229,halpha,0.21778518723665385,8,124.03576052175843,28.472730541541203,-1.957782829514719,dlw,,,HD 136352 d,HD 136352 (nu2 Lupi),UPHELD_INDEPENDENT,107.5983,1.35,0,,2,True,0.25
HD136352,217,4816.812437699642,107.5983,78.4295732067875,95.10520173429592,-12.85318724898446,-10.06286195104373,65.4303528514235,-17.030765430867465,2.3364597338485296,1.6509543258648494,False,0.0,1.136179966182437,0.8054220955629235,56.96019217844314,107.11892975594293,1.2268766128326931,0.12582241773500394,9.750858669848741,0.8030325123354176,1.00276;0.99998;0.00276,84.62371321978034,82.8280878311155,2.811896451225357,0.4504758478423023,0.07051835659535383,0.03372959632493429,0.42827341272666986,8.688681778520731,2.771136602172087,4,15.301246566727999,0.9857142857142854,6.815204032288094,4.647845217196466,halpha,0.21778521208637047,8,124.03576052175843,28.472730541541203,-1.957782829514719,dlw,,,HD 136352 d,HD 136352 (nu2 Lupi),UPHELD_INDEPENDENT,107.5983,1.35,0,,2,True,0.0
HD39091,209,6183.883375557605,6.267836470062864,31.797746029051837,34.252343689161755,-2.8777035546504237,-2.414139049598188,29.563775456931733,-6.904792818689125,2.3201462861110542,2.994143633389309,False,0.009999999999962993,3.1412593498413948,0.9145553571001115,8.326906125742585,6.267230648702373,1.1184086542782488,0.19118149780748242,5.849983743743202,0.4378094729195726,1.00272;0.00024;0.00053,10.33675578492388,6.247888432093617,0.39510514448979434,1.1224129339650932,0.24598154012542423,0.5061286810377461,0.1944894858520587,2.333525879919168,4.707772055960943,4,15.14555915376035,0.9714285714285713,0.0,5.324407044969187,rhk,0.1652678767769627,8,196.81725474444772,36.42799268284152,-3.4263739290992428,halpha,860.9280624075775,651.5220334402038,pi Men c,pi Men (HD 39091),UPHELD_INDEPENDENT,6.2679,1.58,0,,2,True,0.5
HD39091,209,6183.883375557605,6.2678841173949795,31.79786172109459,34.25310307067271,-2.877727157753001,-2.4140651374596085,29.563422482640096,-6.904817940897009,2.3201462861110542,2.9941403319479165,False,0.0024999999999907483,3.1412593498413948,0.9145447751348584,8.327197046945003,6.267230648702373,1.1183714147407193,0.1911728265994399,5.850054291889598,0.4377948950797167,1.00272;0.00024;0.00053,10.341687288951473,6.247935776622079,0.4154294105394536,1.1210756585936867,0.24559317048688445,0.5045116640435643,0.19637717844407998,2.342057797660889,4.684919307703101,4,14.993294682442329,0.9714285714285713,0.0,5.3309173164442925,rhk,0.165267876759968,8,196.81725474444772,36.42799268284152,-3.4263739290992428,halpha,860.9205624075774,651.5145334402039,pi Men c,pi Men (HD 39091),UPHELD_INDEPENDENT,6.2679,1.58,0,,2,True,0.25
HD39091,209,6183.883375557605,6.2679,31.796999248193288,34.252286366129646,-2.877545834227093,-2.4138817945384776,29.56254691033042,-6.904630657286095,2.3201462861110542,2.994139231461875,False,0.0,3.1412593498413948,0.9145440227823459,8.326347035550466,6.267230648702373,1.1183438236228367,0.19117032150838054,5.8499866234404525,0.43778409431910026,1.00272;0.00024;0.00053,10.34335382514816,6.247951558291016,0.4221975801297159,1.1207057611442948,0.2454744337951838,0.5038810409499506,0.19701539775503743,2.3453908321865864,4.6772391492980905,4,14.945044561548864,0.9714285714285713,0.0,5.33226623717294,rhk,0.1652678767587597,8,196.81725474444772,36.42799268284152,-3.4263739290992428,halpha,860.9180624075775,651.5120334402038,pi Men c,pi Men (HD 39091),UPHELD_INDEPENDENT,6.2679,1.58,0,,2,True,0.0
GJ357,53,3349.9641888001934,3.9305355223910725,9.829859411777988,10.893681985606719,-9.643274665532872e-17,0.0,8.909845573746896,-2.1345268502099626,1.724275869600789,2.9305884388576082,False,0.0399999999999997,1.756260963334493,0.8629224782722883,-11.749197222038244,4.65682478430077,1.3176077907729982,0.4003761322184561,3.2909249197054424,0.634455148714066,1.00273;0.99998;0.00278,-6.272827666270203,4.535242747805454,0.38158368033486784,0.47177323929415893,0.21170707898714547,0.22543321151785348,0.763475055322524,4.356708807432694,1.156417383239344,4,38.30608869097859,0.7142857142857142,1.1002930315412662,4.285102912009038,fwhm,0.3435074075293114,8,72.82559192737614,25.098968447778333,-1.2614884591754598,halpha,,,GJ 357 b,GJ 357,UPHELD_INDEPENDENT,3.93072,1.52,0,78,2,False,0.5
GJ357,53,3349.9641888001934,3.930547051734327,9.830025377762567,10.894122821266068,-9.643274665532872e-17,0.0,8.909837812583211,-2.1345628892656054,1.724275869600789,2.9305871649541455,False,0.03750000000008108,1.756260963334493,0.8629057492401829,-11.749315103711607,4.65682478430077,1.3174918274754115,0.40031770031754854,3.291115597512482,0.6343993101833533,1.00273;0.99998;0.00278,-6.274070837149205,4.535258097593719,0.3715909333263974,0.47449632239938233,0.21256537045020585,0.2249521703734819,0.7641375181989611,4.361815825373201,1.1536646330747267,4,38.294304236116474,0.7107142857142856,1.1072584987639047,4.296103912598347,fwhm,0.3435074075293114,8,72.82559192737614,25.098968447778333,-1.2614884591754598,halpha,,,GJ 357 b,GJ 357,UPHELD_INDEPENDENT,3.93072,1.52,0,78,2,False,0.25
GJ357,53,3349.9641888001934,3.93072,9.796099238040796,10.855779721575443,-4.821637332766436e-17,0.0,8.880127103807295,-2.1271959216288834,1.724275869600789,2.9305680559537883,False,0.0,1.756260963334493,0.863174862864796,-11.778672412204395,4.65682478430077,1.3132316350296174,0.3995015173112786,3.2871755878874174,0.6323479374538007,1.00273;0.99998;0.00278,-6.296309722190864,4.535181349691425,0.22302683791267794,0.5147305777108014,0.2251391425568855,0.21503653217563873,0.774705627036958,4.469394455345042,1.1098134272901803,4,38.214162318967595,0.7107142857142856,1.2416158103399546,4.4525195788039875,fwhm,0.3435074075293114,8,72.82559192737614,25.098968447778333,-1.2614884591754598,halpha,,,GJ 357 b,GJ 357,UPHELD_INDEPENDENT,3.93072,1.52,0,78,2,False,0.0
GJ1132,120,745.0673962999135,1.6282714247700978,15.44462260576637,16.471562135984,-0.2529434469727196,-0.1431088148677359,14.501760813388278,-3.353757186381278,2.0791812460476247,2.6604687580249204,False,0.1849999999999726,4.781898728136029,0.9268101746492877,-1.5593562347607488,1.2442187655598451,2.6338972476533145,0.6493877610072729,4.0559699547891785,0.506873246620776,1.00273;0.99978;0.00309,3.5057613587674403,2.5725850058639455,0.0299511361942228,0.6234719102419556,0.15543299423058976,0.9656456429060843,0.7952566863387475,0.2695725994099115,1.0247780948144911,4,6.953894083987569,0.9571428571428571,1.6803022262456047,3.694833702655738,bis,0.1399791254461562,7,,0.0,0.0,,,,GJ 1132 b,GJ 1132,UPHELD_INDEPENDENT,1.62893,2.76,0,,1,False,0.5
GJ1132,120,745.0673962999135,1.62829811340896,15.444690317121172,16.47281851906485,-0.2529524422848323,-0.1430206838228789,14.500881526840278,-3.3537718897151545,2.0791812460476247,2.6604616396579077,False,0.17750000000005084,4.781898728136029,0.9267698355143946,-1.5594906884399968,1.2442187655598451,2.634126942559134,0.6494638191437093,4.055848632233462,0.5069174465248731,1.00273;0.99978;0.00309,3.516714882370797,2.5725183875056885,0.06093200057116527,0.6240151224343214,0.15548839794250935,0.9693266891010694,0.798060690661039,0.2489409171682475,1.0131888359748988,4,6.662122912945881,0.9571428571428571,1.6715385500170257,3.7327377523785987,bis,0.1399791254461562,7,,0.0,0.0,,,,GJ 1132 b,GJ 1132,UPHELD_INDEPENDENT,1.62893,2.76,0,,1,False,0.25
GJ1132,120,745.0673962999135,1.62893,13.862394147764576,14.710471710940595,-0.08674652391900305,-0.03890320602364575,13.079206396582057,-3.010180642171043,2.0791812460476247,2.6602931375735803,False,0.0,4.781898728136029,0.9331998971183482,-3.1020536153656053,1.2442187655598451,2.5028134543673666,0.6544096455546751,3.824536315087458,0.4816476447318615,1.00273;0.99978;0.00309,1.8845745004436445,2.572718252931956,0.8746340589440559,0.5919962283583754,0.14842128554300338,0.7462577171662792,0.8198112192210727,1.228163708447197,0.923260397977136,4,16.51805875242582,0.9535714285714283,2.5249545850391026,4.353721042512321,bis,0.1399791254461562,7,,0.0,0.0,,,,GJ 1132 b,GJ 1132,UPHELD_INDEPENDENT,1.62893,2.76,0,,1,False,0.0
HD15337,116,5750.051063199993,4.756209011415484,62.588256666870905,82.57670299276974,-9.155890673528688,-6.151943054747875,48.510562304705076,-13.590867251183223,2.0644579892269186,3.0824107700294845,False,-0.01500000000006091,2.9571039580225036,0.7305100676707005,19.584890660223472,4.7566942595471575,2.80257671730696,0.3087809428638293,9.076261932857951,0.8860060467702844,1.00276;0.99997;0.00280,17.169234388275513,1.2618219643065562,0.7111610740278375,0.25553890061539614,0.0010936329980667514,0.7648397779524878,0.4642673914623249,1.1507470646203841,2.5615660336550703,4,6.583326101312301,1.0,0.0,6.471493579180121,halpha,0.3627532372423905,8,36.56624309858856,26.869102545213032,-1.3135261033877206,fwhm,,,HD 15337 b,HD 15337 (TOI-402),UPHELD_INDEPENDENT,4.75615,3.08,0,,1,True,0.5
HD15337,116,5750.051063199993,4.756209011415484,62.588256666870905,82.57670299276974,-9.155890673528688,-6.151943054747875,48.510562304705076,-13.590867251183223,2.0644579892269186,3.0824107700294845,False,-0.01500000000006091,2.9571039580225036,0.7305100676707005,19.584890660223472,4.7566942595471575,2.80257671730696,0.3087809428638293,9.076261932857951,0.8860060467702844,1.00276;0.99997;0.00280,17.169234388275513,1.2618219643065562,0.7111610740278375,0.25553890061539614,0.0010936329980667514,0.7648397779524878,0.4642673914623249,1.1507470646203841,2.5615660336550703,4,6.583326101312301,1.0,0.0,6.471493579180121,halpha,0.3627532372423905,8,36.56624309858856,26.869102545213032,-1.3135261033877206,fwhm,,,HD 15337 b,HD 15337 (TOI-402),UPHELD_INDEPENDENT,4.75615,3.08,0,,1,True,0.25
HD15337,116,5750.051063199993,4.75615,62.50719994979295,82.43230569150994,-9.138566424103422,-6.142326673992553,48.46534470432646,-13.573266008709147,2.0644579892269186,3.0824161584577565,False,0.0,2.9571039580225036,0.7308583067827442,19.48881583936722,4.7566942595471575,2.801769498097352,0.3088978192627317,9.07021456086849,0.8857509223620529,1.00276;0.99997;0.00280,17.14500954738054,1.2618261178346548,0.8872567791589474,0.2347621685482973,0.0026759129333736587,0.7217583319092609,0.47081159630597147,1.331114043393888,2.524879383528816,4,7.081020779931233,1.0,0.0,6.485976104277168,halpha,0.36275324725849306,8,36.56624309858856,26.869102545213032,-1.3135261033877206,fwhm,,,HD 15337 b,HD 15337 (TOI-402),UPHELD_INDEPENDENT,4.75615,3.08,0,,1,True,0.0
HD15337,116,5750.051063199993,17.168141962057746,29.397928887044998,34.16114684737593,-2.117374241473381,-1.3212942282932527,25.55694811743603,-6.383679147513924,2.0644579892269186,2.5249484056644955,False,0.20000000000000084,2.4431332249651745,0.849185338588723,1.1585706752480576,17.172870013130687,1.8089103130076578,0.3099232967676342,5.836638716333393,0.6909167239390295,1.00276;0.99997;0.00280,11.30746093498598,16.394726487809777,0.12995318781021334,0.8623533149148411,0.10344565056355903,0.8442696050056386,0.03713646820046179,0.8217014302372608,8.475817597929161,4,9.971234992919937,0.7035714285714285,5.388020379576972,8.069073704417354,bis,0.35888709087309995,8,36.56624309858856,26.869102545213032,-1.3135261033877206,fwhm,,,HD 15337 c,HD 15337 (TOI-402),UPHELD_INDEPENDENT,17.1784,2.16,0,,1,True,0.5
HD15337,116,5750.051063199993,17.168141962057746,29.397928887044998,34.16114684737593,-2.117374241473381,-1.3212942282932527,25.55694811743603,-6.383679147513924,2.0644579892269186,2.5249484056644955,False,0.20000000000000084,2.4431332249651745,0.849185338588723,1.1585706752480576,17.172870013130687,1.8089103130076578,0.3099232967676342,5.836638716333393,0.6909167239390295,1.00276;0.99997;0.00280,11.30746093498598,16.394726487809777,0.12995318781021334,0.8623533149148411,0.10344565056355903,0.8442696050056386,0.03713646820046179,0.8217014302372608,8.475817597929161,4,9.971234992919937,0.7035714285714285,5.388020379576972,8.069073704417354,bis,0.35888709087309995,8,36.56624309858856,26.869102545213032,-1.3135261033877206,fwhm,,,HD 15337 c,HD 15337 (TOI-402),UPHELD_INDEPENDENT,17.1784,2.16,0,,1,True,0.25
HD15337,116,5750.051063199993,17.1784,26.575056656770755,30.375490793079653,-1.530971961098575,-0.8981197533524978,23.436595229733257,-5.770700231150909,2.0644579892269186,2.5246889903550382,False,0.0,2.4431332249651745,0.8638687335962476,-1.7250846987752517,17.172870013130687,1.7415637220854303,0.3193607779874557,5.453279933310526,0.665194818161749,1.00276;0.99997;0.00280,8.172294047029872,16.394726487809777,1.2342415780953895,0.6623832126310788,0.07689486850489857,0.15277692444247218,0.0346968285177278,5.274327766713538,8.626186009366183,4,27.69173612200387,0.7107142857142856,4.558048718163139,8.069073704417354,bis,0.35888754714357907,8,36.56624309858856,26.869102545213032,-1.3135261033877206,fwhm,,,HD 15337 c,HD 15337 (TOI-402),UPHELD_INDEPENDENT,17.1784,2.16,0,,1,False,0.0
GJ551,229,5575.937263899948,11.1936349639936,24.10047610707602,26.02627974019956,-1.1012979932690816,-0.7692050780084924,22.402727207336792,-5.23335189227214,2.359835482339888,2.697346738764755,False,-0.34000000000000785,2.6250870795789023,0.9129252840327902,-3.2915363174119747,160.14275936368313,1.205029589521451,0.23623492284336328,5.1009798848430705,0.3050288367354515,1.00272;1.00085;0.00185,14.591807871151074,10.850222734463603,0.505968055533951,0.37551655850382093,0.2539031575034106,0.404134707022621,0.6728283237474983,2.9199372822816003,1.541052637053923,4,29.069642538678274,0.8607142857142854,0.11840215910860863,4.8274729714002556,contrast,0.5350528254158043,8,114.66118097628136,50.08047139270555,-6.314232007907558,dlw,303.6158894350308,114.79685626573132,Proxima b,Proxima Cen (GJ 551),UPHELD_INDEPENDENT,11.186,1.38,0,83,1,False,0.5
GJ551,229,5575.937263899948,11.191612930002167,23.697784597694863,25.693859126552933,-1.021292502761605,-0.6852743015170474,21.952786544023937,-5.145908542055375,2.359835482339888,2.69742519741853,True,-0.2499999999999898,2.6250870795789023,0.9114247218188956,-3.693126460407285,160.14275936368313,1.1879453052987419,0.23442061262019429,5.067580414626072,0.30070308817341973,1.00272;1.00085;0.00185,13.57666734026465,10.848322855710704,0.9102189443635657,0.454240469971144,0.2597068797345335,0.40690224218503435,0.5161801105797976,2.902506816866138,2.2809504732255723,4,32.987905212787716,0.8678571428571429,0.41721049485924055,5.824004133133531,halpha,0.5350521761341923,8,114.66118097628136,50.08047139270555,-6.314232007907558,dlw,303.70588943503077,114.88685626573134,Proxima b,Proxima Cen (GJ 551),UPHELD_INDEPENDENT,11.186,1.38,0,83,1,False,0.25
GJ551,229,5575.937263899948,11.186,19.20924630936804,20.807061094284,-0.24211733632413215,-0.09298173874207342,17.817779467414418,-4.1712348368394725,2.359835482339888,2.697643063782203,False,0.0,2.6250870795789023,0.9203589219339531,-8.171605837484556,160.14275936368313,1.0731134481157638,0.23572881271995766,4.552321948826029,0.2716422866229598,1.00272;1.00085;0.00185,8.53545322821818,10.846212659502907,1.7645924195628144,0.6686157138867393,0.2560649537832919,0.1725400882891785,0.16630208680959332,4.989874474494428,5.076194391755636,4,47.863180542628406,0.825,2.196620872713247,9.159408367145328,halpha,0.5350560062696833,8,114.66118097628136,50.08047139270555,-6.314232007907558,dlw,303.95588943503077,115.13685626573134,Proxima b,Proxima Cen (GJ 551),UPHELD_INDEPENDENT,11.186,1.38,0,83,1,False,0.0
GJ551,229,5575.937263899948,5.124353589884997,4.100186621780836,4.152783289659092,0.0,0.0,4.048726819803623,-0.8903442123064761,2.359835482339888,3.0366787895445326,True,-0.4999999999999796,2.584450680363371,0.984143101693308,-29.045920513585124,160.14275936368313,0.49161781454974746,0.24146701033643958,2.0359626512324356,0.12028127579394053,1.00272;1.00085;0.00185,-2.876759219147739,5.194848775990758,0.36694871393191186,1.2273816002951676,0.4858291298179411,0.2737352223123084,0.5993442654447227,3.8887072869894013,1.8722306011860506,4,62.304202144505894,0.3,0.8361454619345476,4.541793536095752,nad1,0.5731516946028783,8,114.66118097628136,50.08047139270555,-6.314232007907558,dlw,893.606257435775,704.7872242664755,Proxima d,Proxima Cen (GJ 551),UPHELD_INDEPENDENT,5.122,0.39,0,83,1,False,0.5
GJ551,229,5575.937263899948,5.123176524632417,3.6598045109952864,3.7134635699918177,0.0,0.0,3.607486887052323,-0.7947164519849408,2.359835482339888,3.0367785585504437,True,-0.2499999999999898,2.584450680363371,0.9839849521502818,-29.492723823659702,160.14275936368313,0.4710036779515489,0.24452690949558004,1.9261834164720533,0.11523768857381471,1.00272;1.00085;0.00185,-3.845961387864165,5.193880995147707,0.2827313215207853,1.1011371852684377,0.489332227071454,0.1912963778052718,0.7086430283725192,4.746902957496768,1.3867521068717614,4,64.31460990640466,0.4642857142857142,1.1965233219112874,5.761747277477028,nad1,0.5731516399317509,8,114.66118097628136,50.08047139270555,-6.314232007907558,dlw,893.856257435775,705.0372242664755,Proxima d,Proxima Cen (GJ 551),UPHELD_INDEPENDENT,5.122,0.39,0,83,1,False,0.25
GJ551,229,5575.937263899948,5.122,2.530687072596379,2.5616648158791735,0.0,0.0,2.5003444563199873,-0.5495317155262507,2.359835482339888,3.0368783046420216,False,0.0,2.584450680363371,0.9878096885850816,-30.464194311294836,160.14275936368313,0.3941929621849301,0.246333564047359,1.6002405669295814,0.09644579383740343,1.00272;1.00085;0.00185,-4.961569930649935,5.193880995147707,0.19481595644931965,0.8528940985663178,0.4894450642568546,0.25332005113040623,0.4431067002898025,4.0765101823232115,2.683101265139543,4,75.32926978395358,0.38214285714285706,2.141905306816246,5.781235665626668,nad1,0.5731529551920289,8,114.66118097628136,50.08047139270555,-6.314232007907558,dlw,894.106257435775,705.2872242664755,Proxima d,Proxima Cen (GJ 551),UPHELD_INDEPENDENT,5.122,0.39,0,83,1,False,0.0
GJ581,248,2908.971387299709,5.3686,561.7045508983829,2164.418315630162,-117.42012723250237,-43.85222123804762,221.98365005966923,-121.97259345755596,2.3944516808262164,2.733878402488376,False,0.0,8.969292681887824,0.2987429554914694,306.4116660854902,5.368909291565966,11.98260999962306,0.2575723465271602,46.52133725217094,1.3254614261197322,1.00273;0.99998;0.00285,306.3849945486543,1.2247522706038234,0.2162261183008394,0.9868863336789,0.02143402372463854,0.9442316803178991,0.4251970928317398,0.3805439229988438,2.789707238663151,4,0.7931460839467053,1.0,0.0,6.6791914982108125,crx,0.08118484519623094,8,138.22718757734185,70.26723610148755,-10.878218589457143,halpha,457.66972981830736,359.1626737179462,GJ 581 b,GJ 581,UPHELD_INDEPENDENT,5.3686,12.3,0,130,2,True,0.5
GJ581,248,2908.971387299709,5.3686,561.7045508983829,2164.418315630162,-117.42012723250237,-43.85222123804762,221.98365005966923,-121.97259345755596,2.3944516808262164,2.733878402488376,False,0.0,8.969292681887824,0.2987429554914694,306.4116660854902,5.368909291565966,11.98260999962306,0.2575723465271602,46.52133725217094,1.3254614261197322,1.00273;0.99998;0.00285,306.3849945486543,1.2247522706038234,0.2162261183008394,0.9868863336789,0.02143402372463854,0.9442316803178991,0.4251970928317398,0.3805439229988438,2.789707238663151,4,0.7931460839467053,1.0,0.0,6.6791914982108125,crx,0.08118484519623094,8,138.22718757734185,70.26723610148755,-10.878218589457143,halpha,457.66972981830736,359.1626737179462,GJ 581 b,GJ 581,UPHELD_INDEPENDENT,5.3686,12.3,0,130,2,True,0.25
GJ581,248,2908.971387299709,5.3686,561.7045508983829,2164.418315630162,-117.42012723250237,-43.85222123804762,221.98365005966923,-121.97259345755596,2.3944516808262164,2.733878402488376,False,0.0,8.969292681887824,0.2987429554914694,306.4116660854902,5.368909291565966,11.98260999962306,0.2575723465271602,46.52133725217094,1.3254614261197322,1.00273;0.99998;0.00285,306.3849945486543,1.2247522706038234,0.2162261183008394,0.9868863336789,0.02143402372463854,0.9442316803178991,0.4251970928317398,0.3805439229988438,2.789707238663151,4,0.7931460839467053,1.0,0.0,6.6791914982108125,crx,0.08118484519623094,8,138.22718757734185,70.26723610148755,-10.878218589457143,halpha,457.66972981830736,359.1626737179462,GJ 581 b,GJ 581,UPHELD_INDEPENDENT,5.3686,12.3,0,130,2,True,0.0
GJ581,248,2908.971387299709,12.914503165609709,176.22471633615487,258.63086729194794,-33.96599342425463,-23.05829128943992,125.65489741152693,-38.26671093987895,2.3944516808262164,2.352661746469354,False,0.11499999999998185,2.9529172766527556,0.6450548615204871,170.09731088849662,12.92007506057929,3.172615344344,0.19742271985861945,16.070163285238944,0.9971884854837516,1.00273;0.99998;0.00285,166.97405325553456,12.465448905192373,0.07938620234037704,2.9378809522109495,0.18542426898739106,0.7921732730187008,0.020925269368215437,1.0375240832978958,9.73846266568442,4,4.524695185679718,0.9964285714285712,8.053991534770546,6.756100613254627,bis,0.2644977115755149,8,138.22718757734185,70.26723610148755,-10.878218589457143,halpha,141.06898870459503,42.56193260423386,GJ 581 c,GJ 581,UPHELD_INDEPENDENT,12.9211,3.1,0,130,2,True,0.5
GJ581,248,2908.971387299709,12.914503165609709,176.22471633615487,258.63086729194794,-33.96599342425463,-23.05829128943992,125.65489741152693,-38.26671093987895,2.3944516808262164,2.352661746469354,False,0.11499999999998185,2.9529172766527556,0.6450548615204871,170.09731088849662,12.92007506057929,3.172615344344,0.19742271985861945,16.070163285238944,0.9971884854837516,1.00273;0.99998;0.00285,166.97405325553456,12.465448905192373,0.07938620234037704,2.9378809522109495,0.18542426898739106,0.7921732730187008,0.020925269368215437,1.0375240832978958,9.73846266568442,4,4.524695185679718,0.9964285714285712,8.053991534770546,6.756100613254627,bis,0.2644977115755149,8,138.22718757734185,70.26723610148755,-10.878218589457143,halpha,141.06898870459503,42.56193260423386,GJ 581 c,GJ 581,UPHELD_INDEPENDENT,12.9211,3.1,0,130,2,True,0.25
GJ581,248,2908.971387299709,12.921100000000001,168.73704826671792,244.1561795576797,-32.34949231408879,-22.2250484192426,121.7864035350638,-36.64078447743913,2.3944516808262164,2.3524399619174217,False,0.0,2.9529172766527556,0.6569092658990283,158.01270948593384,12.92007506057929,3.1209705214066807,0.19981175048898425,15.61955447449394,0.9809605414408827,1.00273;0.99998;0.00285,155.08579218031912,12.464344860233808,2.3040846914696758,2.846859274061493,0.18135363481746247,0.07620909657106403,0.02813203483585812,6.868507560175543,9.088894760858693,4,9.797243758709142,0.9928571428571428,7.646143512505546,6.727723558685825,bis,0.2644977115755149,8,138.22718757734185,70.26723610148755,-10.878218589457143,halpha,140.95398870459505,42.44693260423387,GJ 581 c,GJ 581,UPHELD_INDEPENDENT,12.9211,3.1,0,130,2,True,0.0
GJ436,135,5169.84565489972,2.6438836471502456,376.43094418003875,2083.370223724352,-76.93066173782063,-22.90259431873462,126.607637233981,-81.74094093751091,2.130333768495006,3.2912352388114536,False,0.15999999999985684,12.237355006907404,0.22562594504519481,35.999415827850726,2.6439629277083103,16.61476069840159,0.3647561707155039,45.55032109754348,1.3317183664458163,1.00276;0.99997;0.00277,21.41343115171412,1.6012645248890183,0.2233433114476123,0.31976614915073726,0.008238684350492076,0.6158562489926036,0.9880099657973732,1.7957682305973843,0.1299920197819628,4,1.8379773303511537,1.0,0.0,7.128736745935674,crx,0.2279579799176333,8,190.77464503905227,32.16332342900003,-2.341654637534715,halpha,1847.0014118139682,1671.933936698598,GJ 436 b,GJ 436,UPHELD_INDEPENDENT,2.6441,18.1,0,,0,True,0.5
GJ436,135,5169.84565489972,2.6438802669178996,376.33501045295384,2081.6083229474984,-76.90987168679672,-22.901553056495786,126.60280386847616,-81.72010919336022,2.130333768495006,3.291235794061756,False,0.16249999999989495,12.237355006907404,0.2257339963783621,35.87677343411451,2.6439629277083103,16.61717577245427,0.36496297191539706,45.531127953184075,1.3319119411037785,1.00276;0.99997;0.00277,21.98832252165812,1.6012657647955046,0.3415027233765222,0.3232268703089883,0.00825287231572952,0.5618771742457205,0.9874982744266785,2.0510587878793616,0.13376472503834097,4,1.9778648792738507,1.0,0.0,7.1318412693567925,crx,0.22795798000910955,8,190.77464503905227,32.16332342900003,-2.341654637534715,halpha,1847.0039118139682,1671.936436698598,GJ 436 b,GJ 436,UPHELD_INDEPENDENT,2.6441,18.1,0,,0,True,0.25
GJ436,135,5169.84565489972,2.6441,273.4936434988791,917.0436985229843,-54.63845352813633,-20.77200070887801,116.71453141568217,-59.38839010358918,2.130333768495006,3.2911997013154575,False,0.0,12.237355006907404,0.34403102442906625,-56.0475846174287,2.6439629277083103,15.94309966572453,0.5269373055482431,30.256160453731393,1.2778836105809106,1.00276;0.99997;0.00277,-64.28736874510878,1.6012595652822754,4.537388667145035,0.6671710287228625,0.023101278962048,6.619304361639765e-10,0.3332460148027471,45.68431786192345,3.4053571286296425,4,15.028240760799049,1.0,2.1822317051750133,7.137558804907939,crx,0.22795804983485152,8,190.77464503905227,32.16332342900003,-2.341654637534715,halpha,1846.8414118139683,1671.7739366985982,GJ 436 b,GJ 436,UPHELD_INDEPENDENT,2.6441,18.1,0,,0,False,0.0
GJ876,248,5730.20439490024,60.995737889755965,296.8379722666382,572.8348791008424,-59.891754316736844,-33.1341181576213,173.07506612565402,-64.45754668737573,2.3944516808262164,1.9728706239062281,False,-0.22500000000000228,153.57781183160844,0.5496211085656547,338.68046757495347,61.09367496370448,160.1743970171503,6.729422983928698,23.802099734209165,1.2435526557524545,1.00274;1.00002;0.00274,337.16180985931135,73.2707463962176,1.531731934173528,2.5914149256657715,0.1039588535854511,0.10795037451495196,0.0011680287144270295,6.076429986099874,15.937333127405784,4,5.464814063760159,0.982142857142857,1.135143206144221,4.666020247654366,bis,0.17277479020806844,8,107.30514478985826,31.800998476213962,-2.549013012001825,fwhm,12.857703030345764,2.830741582659692,GJ 876 b,GJ 876,UPHELD_INDEPENDENT,60.85,239.0,0,,3,True,0.5
GJ876,248,5730.20439490024,60.995737889755965,296.8379722666382,572.8348791008424,-59.891754316736844,-33.1341181576213,173.07506612565402,-64.45754668737573,2.3944516808262164,1.9728706239062281,False,-0.22500000000000228,153.57781183160844,0.5496211085656547,338.68046757495347,61.09367496370448,160.1743970171503,6.729422983928698,23.802099734209165,1.2435526557524545,1.00274;1.00002;0.00274,337.16180985931135,73.2707463962176,1.531731934173528,2.5914149256657715,0.1039588535854511,0.10795037451495196,0.0011680287144270295,6.076429986099874,15.937333127405784,4,5.464814063760159,0.982142857142857,1.135143206144221,4.666020247654366,bis,0.17277479020806844,8,107.30514478985826,31.800998476213962,-2.549013012001825,fwhm,12.857703030345764,2.830741582659692,GJ 876 b,GJ 876,UPHELD_INDEPENDENT,60.85,239.0,0,,3,True,0.25
GJ876,248,5730.20439490024,60.849999999999994,252.50763777632392,438.48914527016535,-50.30066564285007,-29.968967574062642,158.41047645377836,-54.83133686234128,2.3944516808262164,1.9739095308487977,False,0.0,153.57781183160844,0.6010102227157412,242.65577368893938,61.09367496370448,149.71771504809666,7.156367647344685,20.92090882217996,1.1623696772442103,1.00274;1.00002;0.00274,241.35681344704773,73.25815236489046,3.123978499763624,1.4553389240446837,0.07206337892704795,1.957502388134478e-08,0.03738167363200709,38.75340324292688,8.461241772828705,4,13.112213499401548,0.982142857142857,1.7567139939854997,4.726079227251243,halpha,0.17277479020806852,8,107.30514478985826,31.800998476213962,-2.549013012001825,fwhm,12.63270303034576,3.055741582659694,GJ 876 b,GJ 876,UPHELD_INDEPENDENT,60.85,239.0,0,,3,True,0.0
HD1461,266,6507.072104800027,5.772059938009578,152.80050821318218,207.43820975765712,-28.71940003101574,-20.755867093146804,115.8544072773164,-33.180208774498766,2.424881636631067,3.0520547869438337,False,-0.12500000000001787,3.0312295963943994,0.7231490563497049,34.34034773332104,5.77201992679511,2.341161303517702,0.1626704022334311,14.392054555555527,0.8573630840416454,1.00274;1.00000;0.00275,30.560170369541964,1.2055607238716564,0.3601966559534131,1.1174750474669592,0.08371853322137679,0.7388551600419195,0.5908317822478448,1.2591509947020088,1.912183827858707,4,4.940649802906659,0.9964285714285712,0.9445258967577104,5.186820698107026,halpha,0.2853468267604602,8,14.395051080200831,20.00380425902401,-0.14405394336477295,fwhm,,,HD 1461 b,HD 1461,UPHELD_INDEPENDENT,5.77142,2.32,0,,1,True,0.5
HD1461,266,6507.072104800027,5.772072738217288,152.80205893567268,207.4313306519449,-28.719734487967504,-20.757031843523656,115.85981784956284,-33.180545509609054,2.424881636631067,3.052053823846868,False,-0.12749999999992792,3.0312295963943994,0.7231659794711036,34.34048581793962,5.77201992679511,2.3417046892676963,0.16271178121314683,14.391734094534579,0.8575620868644812,1.00274;1.00000;0.00275,30.556029273941505,1.205568620436246,0.3854661480263178,1.118929427726434,0.08388503090238453,0.7373320232734234,0.5894854253740676,1.2655388454187388,1.9185377252518978,4,4.931589841679221,0.9964285714285712,0.9639071391669916,5.189082119223253,halpha,0.28534682712472886,8,14.395051080200831,20.00380425902401,-0.14405394336477295,fwhm,,,HD 1461 b,HD 1461,UPHELD_INDEPENDENT,5.77142,2.32,0,,1,True,0.25
HD1461,266,6507.072104800027,5.77142,149.74517387162962,202.49894160875715,-28.060311661457067,-20.335465818206263,113.90138729422162,-32.51675135204587,2.424881636631067,3.052102939069206,False,0.0,3.0312295963943994,0.7269779869308935,30.97837711756199,5.77201992679511,2.3015540958074743,0.16178777098655375,14.22576058606282,0.8428601944685523,1.00274;1.00000;0.00275,27.188147465317655,1.2055635949399286,0.8429302011942721,1.0405731749958989,0.07500253649300881,0.3642595888966864,0.6365731914848174,3.1830139456252473,1.7016222548524653,4,8.647497924179428,0.9964285714285712,0.23739577112291954,5.154734244536726,halpha,0.28534690782344235,8,14.395051080200831,20.00380425902401,-0.14405394336477295,fwhm,,,HD 1461 b,HD 1461,UPHELD_INDEPENDENT,5.77142,2.32,0,,1,True,0.0
HD1461,266,6507.072104800027,13.501697212604629,56.332069516547904,62.44109300457799,-8.018396124040697,-6.879513452781016,50.98597909447144,-12.232353472613568,2.424881636631067,2.682997254845715,False,0.12500000000001787,3.1003397708238043,0.8880280798060287,18.672758945846923,13.4997534470077,1.308407416657512,0.16575647137227104,7.893552546247023,0.5436436599120374,1.00274;1.00000;0.00275,18.393360587137195,14.02146417775693,0.2844991670986894,0.5079869403058352,0.1102511148171681,0.6020748071756983,0.8436123661922384,1.8594936333200491,0.8244418819359259,4,9.155700190264595,0.9928571428571428,0.0,5.228910000424251,fwhm,0.3045741503719128,8,14.395051080200831,20.00380425902401,-0.14405394336477295,fwhm,,,HD 1461 c,HD 1461,UPHELD_INDEPENDENT,13.5052,1.49,0,,1,True,0.5
HD1461,266,6507.072104800027,13.501697212604629,56.332069516547904,62.44109300457799,-8.018396124040697,-6.879513452781016,50.98597909447144,-12.232353472613568,2.424881636631067,2.682997254845715,False,0.12500000000001787,3.1003397708238043,0.8880280798060287,18.672758945846923,13.4997534470077,1.308407416657512,0.16575647137227104,7.893552546247023,0.5436436599120374,1.00274;1.00000;0.00275,18.393360587137195,14.02146417775693,0.2844991670986894,0.5079869403058352,0.1102511148171681,0.6020748071756983,0.8436123661922384,1.8594936333200491,0.8244418819359259,4,9.155700190264595,0.9928571428571428,0.0,5.228910000424251,fwhm,0.3045741503719128,8,14.395051080200831,20.00380425902401,-0.14405394336477295,fwhm,,,HD 1461 c,HD 1461,UPHELD_INDEPENDENT,13.5052,1.49,0,,1,True,0.25
HD1461,266,6507.072104800027,13.505199999999999,55.05847932371864,60.894008456157614,-7.7468138538183915,-6.657474056149909,49.942778374917445,-11.955796876137644,2.424881636631067,2.6828845990871772,False,0.0,3.1003397708238043,0.8903706850761967,17.31701087062885,13.4997534470077,1.2873465312008188,0.16514263172364493,7.795361608110415,0.534893554395308,1.00274;1.00000;0.00275,17.045325498579487,14.021754460500707,1.058747650559451,0.5811950846984113,0.12160789679450856,0.7427889055111754,0.7798109857294034,1.2426725427272856,1.088665384201911,4,10.080295940869565,0.9857142857142854,0.27555743307858194,6.766578404891942,rhk,0.30457413144149253,8,14.395051080200831,20.00380425902401,-0.14405394336477295,fwhm,,,HD 1461 c,HD 1461,UPHELD_INDEPENDENT,13.5052,1.49,0,,1,True,0.0
GJ785,402,4717.130962176714,74.34310383757565,224.86925657651227,304.5353446856302,-44.37422468634814,-32.759230918674774,171.112608530222,-48.82973864043289,2.60422605308447,1.8024372447653068,False,0.040000000000006065,2.493171092341191,0.7393079526283541,144.51938168590337,74.36251040174444,2.2237031515558083,0.12760459645057518,17.426512942401025,0.9259126709495128,1.00275;0.99999;0.00278,142.3148226491546,61.810817575483405,2.749404489867205,1.800271031795128,0.13800069133634785,0.01062251435988788,0.02906940134179906,11.214145855186905,9.016720581319534,4,10.829332695696632,0.982142857142857,7.684136418846322,19.493012116930355,rhk,0.24107820135366737,8,48.33836460203374,51.608870871296766,-6.851354262671062,fwhm,34.13483397237449,1.2993650155107908,HD 192310 b,HD 192310 (GJ 785),UPHELD_INDEPENDENT,74.39,4.07,0,,1,True,0.5
GJ785,402,4717.130962176714,74.34603311540585,224.8649206962168,304.53082642864064,-44.373287348022224,-32.75850350695136,171.1092389840546,-48.82879711598964,2.60422605308447,1.80242013296785,False,0.03749999999999853,2.493171092341191,0.7393081877915794,144.51495869319618,74.36251040174444,2.2234132388543157,0.12758975106298154,17.42626833527391,0.9257919562222245,1.00275;0.99999;0.00278,142.3088343501941,61.812842483399464,2.786652741347468,1.7992804613076079,0.13779014606348727,0.0102469555726935,0.029538656239277365,11.292073387016297,8.981441201077004,4,10.82880125768758,0.982142857142857,7.642423628478525,19.48446005240291,rhk,0.24107820135729277,8,48.33836460203374,51.608870871296766,-6.851354262671062,fwhm,34.1373339723745,1.2968650155107833,HD 192310 b,HD 192310 (GJ 785),UPHELD_INDEPENDENT,74.39,4.07,0,,1,True,0.25
GJ785,402,4717.130962176714,74.39,224.30859539868482,303.57370842492446,-44.25301755812114,-32.688668396092915,170.78574412497076,-48.707992612558975,2.60422605308447,1.8021633750656534,False,0.0,2.493171092341191,0.7398259181565584,143.7673685164349,74.36251040174444,2.217035361004908,0.1274329854865027,17.397656913874386,0.9231364374813017,1.00275;0.99999;0.00278,141.564879451793,61.814706097307074,3.344619784623881,1.791919601619737,0.1348398763445433,0.0051717768446023,0.0362040189016915,12.765663366211676,8.532117374796186,4,11.204903782099244,0.9714285714285713,7.025783826257737,19.48057546064975,rhk,0.24107820932918467,8,48.33836460203374,51.608870871296766,-6.851354262671062,fwhm,34.17483397237449,1.2593650155107847,HD 192310 b,HD 192310 (GJ 785),UPHELD_INDEPENDENT,74.39,4.07,0,,1,True,0.0
HD285968,106,5162.845444099978,8.77613453776986,44.412001584977986,55.71545801602889,-5.227658151146197,-3.456031158684964,36.04464998991,-9.643943609317207,2.0253058652647704,2.769585851787901,True,0.5000000000000083,4.60612244232454,0.7944723502644232,18.435345558981894,8.775488686046641,3.8490869242173416,0.517526237038425,7.437472052130096,0.8069937720715348,1.00272;0.99974;0.00300,19.931700329622814,8.550837996370392,0.007492240506496941,0.12588971616585862,0.05894189327559152,0.8107254889652857,0.9705532236334032,0.9608433342292335,0.24192468815674667,4,8.188795900443532,0.9964285714285712,0.0,12.185555389801436,bis,0.2796329556578287,8,39.09344379443407,34.733187446776284,-3.002425001912254,halpha,60.02548604718465,17.25928763343858,GJ 176 b,GJ 176,UPHELD_INDEPENDENT,8.7836,4.12,0,39,0,True,0.5
HD285968,106,5162.845444099978,8.77986568192682,29.456278680848357,34.119981139957964,-2.071040109774858,-1.2789541911889535,25.624185870182664,-6.396349644248419,2.0253058652647704,2.7694012521840423,True,0.24999999999996833,4.60612244232454,0.8599835412874401,1.5141740687774714,8.775488686046641,3.297311191052421,0.5654087751540974,5.83172977843113,0.6913130036676288,1.00272;0.99974;0.00300,3.220496392151155,8.550837996370394,3.0734053583703465,0.5503408548567453,0.11939483912361137,0.008807378984082737,0.8250564435740386,11.619413977609446,0.9015388073620527,4,33.38747509042078,0.932142857142857,1.071701085552128,13.207613291134903,bis,0.27963286041418267,8,39.09344379443407,34.733187446776284,-3.002425001912254,halpha,59.77548604718461,17.00928763343854,GJ 176 b,GJ 176,UPHELD_INDEPENDENT,8.7836,4.12,0,39,0,True,0.25
HD285968,106,5162.845444099978,8.7836,8.204769074994545,8.532989800353764,0.0,0.0,7.89322688883502,-1.7816429672802891,2.0253058652647704,2.769216574081592,False,0.0,4.60612244232454,0.9596600455027938,-17.98668389209931,8.775488686046641,1.7945807950943828,0.6162943345352693,2.9118891648543666,0.3762531308255616,1.00272;0.99974;0.00300,-16.62262754284326,8.550837996370392,3.9112389123532583,2.3449618107211423,0.22483406488802227,0.0019150910322798607,0.019413417321555167,14.887794109745924,9.902494077574337,4,67.92394001146188,-0.0964285714285714,17.80912501711792,13.123081470312792,bis,0.2796327325422838,8,39.09344379443407,34.733187446776284,-3.002425001912254,halpha,59.52548604718464,16.75928763343857,GJ 176 b,GJ 176,UPHELD_INDEPENDENT,8.7836,4.12,0,39,0,False,0.0
GJ699,213,4568.595374800265,3.1540946029531787,10.970489593509114,11.25707203979238,0.0,0.0,10.693441143944812,-2.382211547119028,2.3283796034387376,3.160907980465688,False,-0.3649999999999179,1.5526237489851198,0.9652313044153298,-26.795934673493893,226.87352131731143,0.580524278135029,0.17303332419111578,3.3549854101735823,0.31789159912740816,1.00274;1.00007;1.00138,4.5086054027178175,1.458432155399207,0.4941686856117879,0.04616401579947253,0.01991569068991822,0.7898089795517502,0.28732152578929343,1.0472993653561775,3.770624564781876,4,15.971097761504968,0.9642857142857141,0.4368955533864014,7.01533509230556,rhk,0.16257036229609648,8,73.8741180604602,36.05509558362178,-3.3343321419191296,halpha,1201.0930087188387,1046.3857871730625,Barnard b (3.15 d),Barnard's star (GJ 699),UPHELD_INDEPENDENT,3.1533,0.55,0,143.7,3,False,0.5
GJ699,213,4568.595374800265,3.1538442053912084,10.517013538295828,10.782944060663773,0.0,0.0,10.259723047373747,-2.283740472891836,2.3283796034387376,3.1609424596459106,True,-0.24999999999995073,1.5526237489851198,0.9664861063704865,-27.191321927967067,226.87352131731143,0.5692973927098238,0.17337766387437734,3.2835682520345553,0.3117439577112633,1.00274;1.00007;1.00138,4.050122207543276,1.458417610015584,0.0753850750218171,0.0017133190252431986,0.042636835905673076,0.8032748902131405,0.27475388224159664,0.9916397111753266,3.8796726666391916,4,19.69020511134205,0.9357142857142854,0.3617930539663128,7.282133921499296,rhk,0.1625703628366249,8,73.8741180604602,36.05509558362178,-3.3343321419191296,halpha,1201.2080087188388,1046.5007871730625,Barnard b (3.15 d),Barnard's star (GJ 699),UPHELD_INDEPENDENT,3.1533,0.55,0,143.7,3,False,0.25
GJ699,213,4568.595374800265,3.1533,7.030601640957968,7.15519666035757,0.0,0.0,6.909238616895131,-1.5266757485639963,2.3283796034387376,3.161017404943279,False,0.0,1.5526237489851198,0.9769380863347195,-30.171793727415917,226.87352131731143,0.4740275213668239,0.17721949871659154,2.6748045491590413,0.2595756368236338,1.00274;1.00007;1.00138,0.5233659206970565,1.4584176100155837,1.233565007747339,0.19314560984811452,0.09496070463947487,0.31265616419241815,0.24462618607451392,3.563209153495628,4.160699470693878,4,47.02371853351814,0.7892857142857141,0.31272434744267397,7.2443254502903365,rhk,0.1625703671120504,8,73.8741180604602,36.05509558362178,-3.3343321419191296,halpha,1201.4580087188388,1046.7507871730625,Barnard b (3.15 d),Barnard's star (GJ 699),UPHELD_INDEPENDENT,3.1533,0.55,0,143.7,3,False,0.0
HD10180,269,5048.101777300239,16.349952926819416,180.1263033866693,255.72317297186748,-34.689393480713896,-24.19636459210848,131.48973868299916,-39.11392980323075,2.429752280002408,2.4896115957321854,False,0.15000000000000774,2.501041446539825,0.6657692438099423,136.24109442202712,16.34944568847489,2.352365527924446,0.14711802011404965,15.989649168068143,0.9761190309011833,1.00273;1.00000;0.00275,135.91013165705198,15.659135070311327,0.29325128261023997,0.7680411726238123,0.07726402671903326,0.6607535467181798,0.1607137930648381,1.593988972446714,5.156148843596089,4,4.840149621225507,0.9892857142857142,5.025554324298469,5.098617491665877,halpha,0.19002249878722013,8,36.45088618626854,26.68589207069962,-1.4890800934600428,halpha,,,HD 10180 d,HD 10180,UPHELD_HARPS,16.3579,2.86,0,,5,True,0.5
HD10180,269,5048.101777300239,16.349952926819416,180.1263033866693,255.72317297186748,-34.689393480713896,-24.19636459210848,131.48973868299916,-39.11392980323075,2.429752280002408,2.4896115957321854,False,0.15000000000000774,2.501041446539825,0.6657692438099423,136.24109442202712,16.34944568847489,2.352365527924446,0.14711802011404965,15.989649168068143,0.9761190309011833,1.00273;1.00000;0.00275,135.91013165705198,15.659135070311327,0.29325128261023997,0.7680411726238123,0.07726402671903326,0.6607535467181798,0.1607137930648381,1.593988972446714,5.156148843596089,4,4.840149621225507,0.9892857142857142,5.025554324298469,5.098617491665877,halpha,0.19002249878722013,8,36.45088618626854,26.68589207069962,-1.4890800934600428,halpha,,,HD 10180 d,HD 10180,UPHELD_HARPS,16.3579,2.86,0,,5,True,0.25
HD10180,269,5048.101777300239,16.3579,174.30614823293445,244.30726262597298,-33.43269575689065,-23.559528938094328,128.5342698669794,-37.850099169686835,2.429752280002408,2.4894005534418064,False,0.0,2.501041446539825,0.6756807313037003,127.5531879281677,16.34944568847489,2.3459864565874358,0.15009200919350962,15.63032215501105,0.973472462974919,1.00273;1.00000;0.00275,127.23117365799217,15.659135070311327,1.4991329384479946,0.6722194522703749,0.07411520963025292,0.12181141806839398,0.15103189177292956,5.7989636550118435,5.301086708496238,4,9.565486472372797,0.9892857142857142,5.594233631402801,5.688515884593425,halpha,0.19002253559970125,8,36.45088618626854,26.68589207069962,-1.4890800934600428,halpha,,,HD 10180 d,HD 10180,UPHELD_HARPS,16.3579,2.86,0,,5,True,0.0
HD47186,147,5029.183664800134,4.084533172929956,217.16410804449356,496.85604796031794,-42.568903431686486,-20.189003005854165,113.45680198032358,-47.156586895582564,2.167317334748176,3.0903550686852888,False,-0.009999999999942673,6.216367179322934,0.46477621554952164,79.11075024143884,4.0841461430125205,8.43945897544616,0.37901576560882394,22.266775530800448,1.2536268666454062,1.00277;0.99994;0.00280,79.10855852574491,1.3193983541271193,0.32944339715355725,0.8553926518147803,0.07443142731945895,0.9178285207635429,0.18649493848432533,0.5048322105317279,4.806905678658646,4,1.7725776317385797,1.0,0.0,6.354667370536317,halpha,0.19879305426781307,8,23.213839908485138,20.856894070950613,-0.2014014399983517,halpha,,,HD 47186 b,HD 47186,UPHELD_HARPS,4.0845,9.12,0,,1,True,0.5
HD47186,147,5029.183664800134,4.084541466246639,217.15468091219878,496.8199700104039,-42.566865708840936,-20.188486798056488,113.45440361709528,-47.154539819814666,2.167317334748176,3.0903541868861057,False,-0.012500000000033032,6.216367179322934,0.4647895984432947,79.0970640955444,4.0841461430125205,8.444222978739983,0.3792387932621211,22.266242612220132,1.254334528768293,1.00277;0.99994;0.00280,79.195911894439,1.3194137246684337,0.39834125966734824,0.8519759336224635,0.07442734279424434,0.935271265712227,0.18634655114942802,0.42385706568196696,4.808782926821947,4,1.6361994959550523,1.0,0.0,6.354163853669992,halpha,0.19879305426941268,8,23.213839908485138,20.856894070950613,-0.2014014399983517,halpha,,,HD 47186 b,HD 47186,UPHELD_HARPS,4.0845,9.12,0,,1,True,0.25
HD47186,147,5029.183664800134,4.0845,217.05031088873977,496.3397100653516,-42.544305396625724,-20.183591690933284,113.43166034094939,-47.13187615718248,2.167317334748176,3.0903585958641173,False,0.0,6.216367179322934,0.4649784889033006,78.9326619629797,4.0841461430125205,8.419142985622239,0.3783171501166325,22.254193295299135,1.250609063420402,1.00277;0.99994;0.00280,78.62412041846312,1.319401815556846,0.11938596707461938,0.8700520224150234,0.07447509733978952,0.8100661080723432,0.1880591521563243,0.9635693772781937,4.787201211034162,4,2.425128916088365,1.0,0.0,6.356061172444884,halpha,0.19879305429197658,8,23.213839908485138,20.856894070950613,-0.2014014399983517,halpha,,,HD 47186 b,HD 47186,UPHELD_HARPS,4.0845,9.12,0,,1,True,0.0
HD181433,189,5029.029219100252,9.376047730633728,160.02181900228925,253.02032201253905,-30.226427409397562,-18.878179292733755,107.41586903915113,-34.74829648840757,2.2764618041732443,2.729464349375252,False,-0.10000000000001136,1.5284918957913294,0.5407466256001818,188.19734943727485,9.375671004881218,2.1027253430978625,0.1321932452301096,15.906450737612465,1.057567227744614,1.00276;0.99997;0.00276,186.62270759551774,9.140866793174096,1.0899681883677885,1.247775220731819,0.10140434574070156,0.5427928900793995,0.10430690273469406,2.145349394939003,6.155021610998068,4,6.289330946311562,0.9964285714285712,0.34084237763551073,3.7182486799681054,halpha,0.11936844885963799,8,23.213209756766943,28.417265923722034,-1.7784237709304604,fwhm,,,HD 181433 b,HD 181433,UPHELD_HARPS,9.3743,2.94,0,,2,True,0.5
HD181433,189,5029.029219100252,9.376004029425465,160.0226254956392,252.99553297212285,-30.226599743461993,-18.87980597046482,107.42343055673766,-34.74847161621336,2.2764618041732443,2.729466373601064,False,-0.09749999999997792,1.5284918957913294,0.5407949414823464,188.17839142947037,9.375671004881218,2.102263864607006,0.13217063715195734,15.905680035347196,1.0573351290260233,1.00276;0.99997;0.00276,186.59918766624236,9.141344794310282,1.1342360817676274,1.2468968172220638,0.10147542597417081,0.5380602936119869,0.10391908596890545,2.169100153235287,6.1635412706934725,4,6.340396940509356,0.9964285714285712,0.3654821140137585,3.7196799037214716,halpha,0.11936844911916096,8,23.213209756766943,28.417265923722034,-1.7784237709304604,fwhm,,,HD 181433 b,HD 181433,UPHELD_HARPS,9.3743,2.94,0,,2,True,0.25
HD181433,189,5029.029219100252,9.3743,155.44179199539877,241.8597164205989,-29.237748323251825,-18.49391727649455,105.62950749186547,-33.75375626037737,2.2764618041732443,2.729545311049476,False,0.0,1.5284918957913294,0.5534877910658044,178.55589617387923,9.375671004881218,2.0680022699389236,0.13297758824115175,15.551509824261888,1.040103789656999,1.00276;0.99997;0.00276,177.0129129051088,9.140866793174096,2.748731344237332,1.1572588537142472,0.10081621341946007,0.07256056931598581,0.1021563465106075,6.979297429875019,6.202653543884872,4,10.993317839234017,0.9964285714285712,1.6433082358293518,3.7182486799681054,halpha,0.1193685149559631,8,23.213209756766943,28.417265923722034,-1.7784237709304604,fwhm,,,HD 181433 b,HD 181433,UPHELD_HARPS,9.3743,2.94,0,,2,True,0.0
GJ163,201,6629.915936599951,25.636030845684402,71.61764528890615,85.34261592343701,-11.315895290018128,-8.963134831148793,60.59348704926189,-15.551574077938177,2.303196057420489,2.4126572363809067,False,-0.054999999999983645,4.931258501756206,0.8005176746516914,51.59627856516276,25.6384035954886,2.8038156897261004,0.3035204683283199,9.237649457937698,0.7002452548008139,1.00274;1.00000;0.00023,66.32262328153071,27.62863530443495,0.8886970713946688,1.3124960495714173,0.07865686353728585,0.8773530660664274,0.15018127453455005,0.6823255800804047,5.314236416435005,4,5.458324716992734,0.9607142857142855,0.6703136334869697,15.721790138009512,dlw,0.18424975808819014,8,61.16182328370846,30.244169526895043,-2.2120056303493065,halpha,41.81794000123734,23.66621943559749,GJ 163 c,GJ 163,UPHELD_HARPS,25.63058,2.75,0,,2,True,0.5
GJ163,201,6629.915936599951,25.636774322461033,71.61707058727166,85.33063913265296,-11.315774515925094,-8.964302074710085,60.598952594896154,-15.551449283063878,2.303196057420489,2.412644641483457,False,-0.06249999999998769,4.931258501756206,0.8005908158030145,51.588709377311986,25.6384035954886,2.8030429482439487,0.303456817831025,9.237040605246106,0.700052271873202,1.00274;1.00000;0.00023,66.24544230972111,27.62949885084492,0.848785148868083,1.3052014366890965,0.07855804085430479,0.8940012918212396,0.15083965596475432,0.6106009755853549,5.3040523548170135,4,5.281119861286339,0.9607142857142855,0.713751358585256,15.722752875007718,dlw,0.18424977791414268,8,61.16182328370846,30.244169526895043,-2.2120056303493065,halpha,41.81044000123733,23.658719435597483,GJ 163 c,GJ 163,UPHELD_HARPS,25.63058,2.75,0,,2,True,0.25
GJ163,201,6629.915936599951,25.63058,71.4195248085706,85.14449204384144,-11.273475481659936,-8.92414487981149,60.410914256104924,-15.508552762257303,2.303196057420489,2.412749587803102,False,0.0,4.931258501756206,0.8005176964514014,51.398155999367454,25.6384035954886,2.805945302518476,0.304118307235078,9.226492571358193,0.7007771197389605,1.00274;1.00000;0.00023,66.65007646938685,27.622304279755586,1.1887499010134859,1.3639182539820058,0.07922910239069542,0.697442999161701,0.1476121879318313,1.4346073606080099,5.354383680922188,4,7.075716112450743,0.9678571428571429,0.35966116466197207,15.652593593366104,dlw,0.18424975809409977,8,61.16182328370846,30.244169526895043,-2.2120056303493065,halpha,41.87294000123732,23.721219435597472,GJ 163 c,GJ 163,UPHELD_HARPS,25.63058,2.75,0,,2,True,0.0
GJ2046,260,5639.7227063002065,4.311549441913335,128.2425002113576,165.13767272377208,-23.322121434468087,-17.5653152394325,101.51143184527263,-27.847505093634602,2.4149733479708178,3.1166243804729086,False,-0.014999999999932522,1.7395539968613722,0.7422780057674129,41.90049596064709,4.311892251688136,1.7827933969638292,0.13917297949032653,12.809910397066304,0.8951533897973528,1.00273;1.00000;0.00278,36.11502131793188,1.2973637351867386,0.5297120439213487,0.7402950570316035,0.08747298556077454,0.18493375293537656,0.16941053699064576,4.8267265063522995,5.032807273398098,4,8.876954761593504,0.9857142857142854,0.0,3.9835416029885335,rhk,0.40323023039161293,8,28.205860529318713,31.111017244282397,-2.223879706675962,dlw,508.2556522871196,317.2766404462041,HD 40307 b,HD 40307,UPHELD_HARPS,4.3115,1.79,0,,3,True,0.5
GJ2046,260,5639.7227063002065,4.3115412015157,128.2449428329997,165.15216786251236,-23.322648249305228,-17.56479546271021,101.50901437071605,-27.848035502184874,2.4149733479708178,3.1166252105138694,False,-0.012499999999995947,1.7395539968613722,0.7422429928665342,41.905671070731145,4.311892251688136,1.7827011277530065,0.13916139561365515,12.81031366415874,0.8951070605859656,1.00273;1.00000;0.00278,36.14268356325658,1.297364481302158,0.5758148910263441,0.7386477273851695,0.087436818570095,0.18151231939376178,0.17067063849194306,4.870717751634039,5.015431729709444,4,8.9007355064651,0.9857142857142854,0.0,3.980774482577936,rhk,0.40323023038820255,8,28.205860529318713,31.111017244282397,-2.223879706675962,dlw,508.2581522871195,317.27914044620405,HD 40307 b,HD 40307,UPHELD_HARPS,4.3115,1.79,0,,3,True,0.25
GJ2046,260,5639.7227063002065,4.3115,128.16203290672308,165.07235310529114,-23.304785153049277,-17.549440828880307,101.4375999164296,-27.830031840446406,2.4149733479708178,3.116629360694878,False,0.0,1.7395539968613722,0.7422340025440821,41.82346303478009,4.311892251688136,1.7816902985753231,0.13912420064204106,12.806472851977166,0.8945995159387855,1.00273;1.00000;0.00278,36.021889529471196,1.2973573887688115,0.8057665105998872,0.7317515642653777,0.08733880431969288,0.15900837519129438,0.1778276514967703,5.181070770194279,4.918969703958146,4,9.09626659844306,0.9857142857142854,0.0,3.962840024100416,rhk,0.40323023038732664,8,28.205860529318713,31.111017244282397,-2.223879706675962,dlw,508.2706522871195,317.29164044620404,HD 40307 b,HD 40307,UPHELD_HARPS,4.3115,1.79,0,,3,True,0.0
GJ581,248,2908.971387299709,3.1489178650397904,62.02937035139257,71.28195926236006,-9.395509396363652,-7.7720884569593744,54.42251668250648,-13.469506629771482,2.3944516808262164,2.9655781166969817,False,-0.23999999999998317,2.2445688463508535,0.8456697264559038,0.2343988728672315,3.1488578567362357,1.6667948365637069,0.1974330420227028,8.44232971080921,0.6567218355328556,1.00273;0.99998;0.00285,9.856050577148828,1.459411453771146,0.5483717992176322,2.0259858286334307,0.22234878559255244,0.5877349012022526,0.008731665103838611,1.9268135033708538,11.638062579673182,4,8.884436446018292,0.95,12.097968638984256,3.8427267475180873,crx,0.351966235652312,8,138.22718757734185,70.26723610148755,-10.878218589457143,halpha,839.6209100131967,741.1138539128356,GJ 581 e,GJ 581,UPHELD_HARPS,3.1481,1.8,0,130,2,True,0.5
GJ581,248,2908.971387299709,3.148909343422037,62.02808022528143,71.27835970950528,-9.395233762226807,-7.772120928867036,54.42266902007726,-13.469226482445968,2.3944516808262164,2.965579291988537,False,-0.23749999999993793,2.2445688463508535,0.8456872680071394,0.23297153019193217,3.1488578567362357,1.6668866779891163,0.1974481622790979,8.44214835300888,0.6567580344773275,1.00273;0.99998;0.00285,9.853495182338591,1.4594132842158112,0.5707719873640612,2.0249689365598234,0.2221981825903232,0.5827694427966355,0.008788366194394276,1.950378487227149,11.624081973648304,4,8.866020814226312,0.95,12.099016863642333,3.845526396899508,crx,0.35196623565231194,8,138.22718757734185,70.26723610148755,-10.878218589457143,halpha,839.6234100131968,741.1163539128356,GJ 581 e,GJ 581,UPHELD_HARPS,3.1481,1.8,0,130,2,True,0.25
GJ581,248,2908.971387299709,3.1481,55.61070256834182,62.7563919749884,-8.025428223284154,-6.73877502978489,49.57056006844689,-12.075710630096923,2.3944516808262164,2.965690930185313,False,0.0,2.2445688463508535,0.8628885818066939,-6.201067352806639,3.1488578567362357,1.5909312274533254,0.20083659567173082,7.921520588079059,0.626843371913522,1.00273;0.99998;0.00285,3.218575974011351,1.4594144728906975,2.6445793012441956,1.8478076674684052,0.20075412002928794,0.03731328666858727,0.010242968273432209,8.465297509613336,11.292915766651923,4,20.239457291520434,0.9678571428571429,13.95147146688194,3.872141971744768,crx,0.35196623565231194,8,138.22718757734185,70.26723610148755,-10.878218589457143,halpha,839.8609100131968,741.3538539128356,GJ 581 e,GJ 581,UPHELD_HARPS,3.1481,1.8,0,130,2,False,0.0
HD20794,546,6629.817624626681,18.327922831573815,43.6843264617321,45.58825750566245,-5.2460473033116655,-4.865220919947152,41.89023579692612,-9.485930963995227,2.7371926427047373,2.558388334223622,False,-0.275000000000021,1.166749320756695,0.9562477125751468,22.56080897339553,18.335029164463577,0.48627590919510905,0.07209897952149603,6.744560220164112,0.382378759347528,1.00273;0.99998;0.00273,22.318151261435155,17.4407098224571,0.1854543850656487,0.03563841430416366,0.007100696680196639,0.6934658816366948,0.8290694918971029,1.4516830987836793,0.8849028245811489,4,10.749529712915052,0.982142857142857,1.081675774777949,9.493809656546784,fwhm,0.22024779938226333,8,121.87369041223522,92.29288439374363,-15.3677904738186,halpha,144.13681746633225,25.97088039528652,HD 20794 b,HD 20794,UPHELD_HARPS,18.314,0.614,0,38.8,2,True,0.5
HD20794,546,6629.817624626681,18.32665624491776,43.65795217758455,45.56119323270818,-5.240451285143336,-4.859781292060791,41.86457242743095,-9.480203860960513,2.7371926427047373,2.558418348023243,True,-0.2500000000000191,1.166749320756695,0.9562553830789681,22.53411024203133,18.335029164463577,0.48570973092400743,0.07203680973947521,6.742521395389405,0.3819335503417776,1.00273;0.99998;0.00273,22.29302713170405,17.439629471448775,0.051858208850406096,0.0619482873251701,0.0038733254450569743,0.7292121795695243,0.8353040354784727,1.2996668836729075,0.8590208220886195,4,10.18467775057576,0.982142857142857,1.192990058310592,9.339359146871585,fwhm,0.22024779938305988,8,121.87369041223522,92.29288439374363,-15.3677904738186,halpha,144.16181746633225,25.94588039528652,HD 20794 b,HD 20794,UPHELD_HARPS,18.314,0.614,0,38.8,2,True,0.25
HD20794,546,6629.817624626681,18.314,40.98168320014918,42.674883770065684,-4.673025827633087,-4.333943803580346,39.38183719175573,-8.899059436465992,2.7371926427047373,2.558718371991769,False,0.0,1.166749320756695,0.9586633115890527,19.76212854726709,18.335029164463577,0.4690276105396681,0.07181578515986368,6.530982144045369,0.3688157937770236,1.00273;0.99998;0.00273,19.52209983878339,17.439629471448775,1.208041796114619,0.26495749633510707,0.021053881058514468,0.5595528280971152,0.8993721393151703,2.062419786331974,0.5871304482190696,4,12.391828200772919,0.9857142857142854,2.076992031403101,9.11118541665366,rhk,0.2202477996316482,8,121.87369041223522,92.29288439374363,-15.3677904738186,halpha,144.41181746633228,25.695880395286498,HD 20794 b,HD 20794,UPHELD_HARPS,18.314,0.614,0,38.8,2,True,0.0
GJ667,263,5571.762736499775,61.990709300707245,17.324167715946032,17.863570469193483,-0.033847072221256755,-0.016120681254094847,16.804939580490984,-3.7618952213009114,2.419955748489758,1.9536660088972964,False,0.36000000000000026,2.372035615647079,0.9598211819991959,-28.819477506949937,307.09372028007675,0.960242430771302,0.22767128466623798,4.217670367077694,0.35699854780311835,1.00272;1.00002;0.00027,-8.731808063794183,74.46296905683582,0.06979984654077914,0.04984602301399599,0.031048937082710115,0.8647007965682882,0.02160959862770385,0.7360197277015621,9.668007968887112,4,51.50638673809504,-0.16785714285714282,0.0,5.923813189167365,fwhm,0.08151525739599948,8,42.1755565067036,35.29006089566141,-3.0244599152068736,halpha,42.22820416290014,14.340652501772137,GJ 667 C e,GJ 667 C,DISPUTED,62.24,0.92,4,~105,2,False,0.5
GJ667,263,5571.762736499775,62.066669328823004,16.43479545086302,16.927723904794764,-0.0085600928775803,-0.00316635488003243,15.959970980983153,-3.5687704877592377,2.419955748489758,1.9531341739424886,True,0.2500000000000077,2.372035615647079,0.9615537888509068,-29.627094667287988,307.09372028007675,0.9385642297934422,0.2286827208653772,4.104220145019019,0.3489390693292132,1.00272;1.00002;0.00027,-9.63445147112412,74.42318436723771,0.6962283569270883,0.049818895725572486,0.06494955734918845,0.7480822835387355,0.029723491614645152,1.2205400847796228,8.967695391124945,4,50.717518810991294,-0.03214285714285714,0.0,5.944476105441121,fwhm,0.08151525408987947,8,42.1755565067036,35.29006089566141,-3.0244599152068736,halpha,42.33820416290014,14.230652501772145,GJ 667 C e,GJ 667 C,DISPUTED,62.24,0.92,4,~105,2,False,0.25
GJ667,263,5571.762736499775,62.24,9.37105321870672,9.545980540682981,0.0,0.0,9.200576543231248,-2.0348983512530174,2.419955748489758,1.9519230305142259,False,0.0,2.372035615647079,0.9769003011111671,-35.8936043542837,307.09372028007675,0.7278886431891233,0.2355891813705384,3.0896522452968185,0.27061440829712635,1.00272;1.00002;0.00027,-15.559235855421479,74.52272590969419,2.02178886912436,0.6865672090496787,0.23156403264128372,0.007012662809834326,0.2930175042039151,12.110929833080942,3.7226068115447553,4,54.87686017624383,0.028571428571428564,3.933175871106366,5.931201076102393,fwhm,0.081515224651587,8,42.1755565067036,35.29006089566141,-3.0244599152068736,halpha,42.58820416290015,13.980652501772138,GJ 667 C e,GJ 667 C,DISPUTED,62.24,0.92,4,~105,2,False,0.0
GJ667,263,5571.762736499775,39.032834889991086,15.115053408831045,15.550071395106515,-0.00029240927827638825,-5.971636393136323e-05,14.69571993063808,-3.2821921445641293,2.419955748489758,2.1545625199819765,False,-0.024999999999993038,2.372035615647079,0.9638365823288956,-30.836525364092495,307.09372028007675,0.8905106596530846,0.226893819012748,3.9247902985098566,0.3310737732939559,1.00272;1.00002;0.00027,-1.3206464806143874,121.04070755693147,0.1743617915765032,0.35718555241041466,0.10655247017394792,0.8967306970920497,0.9096058888821291,0.5986965781540532,0.5418483168784499,4,12.669905445404298,0.6857142857142856,0.0,10.490706309053742,halpha,0.08151524972825316,8,42.1755565067036,35.29006089566141,-3.0244599152068736,halpha,10.636717155911578,4.6179378379276494,GJ 667 C f,GJ 667 C,DISPUTED,39.026,1.08,4,~105,2,False,0.5
GJ667,263,5571.762736499775,39.032834889991086,15.115053408831045,15.550071395106515,-0.00029240927827638825,-5.971636393136323e-05,14.69571993063808,-3.2821921445641293,2.419955748489758,2.1545625199819765,False,-0.024999999999993038,2.372035615647079,0.9638365823288956,-30.836525364092495,307.09372028007675,0.8905106596530846,0.226893819012748,3.9247902985098566,0.3310737732939559,1.00272;1.00002;0.00027,-1.3206464806143874,121.04070755693147,0.1743617915765032,0.35718555241041466,0.10655247017394792,0.8967306970920497,0.9096058888821291,0.5986965781540532,0.5418483168784499,4,12.669905445404298,0.6857142857142856,0.0,10.490706309053742,halpha,0.08151524972825316,8,42.1755565067036,35.29006089566141,-3.0244599152068736,halpha,10.636717155911578,4.6179378379276494,GJ 667 C f,GJ 667 C,DISPUTED,39.026,1.08,4,~105,2,False,0.25
GJ667,263,5571.762736499775,39.026,15.067568079906096,15.499437089336293,-0.0002482272330382293,-4.956639686596959e-05,14.651221515718479,-3.271880836402396,2.419955748489758,2.15463857428177,False,0.0,2.372035615647079,0.9639651205229506,-30.877712020820088,307.09372028007675,0.8858914084943216,0.22611219770598603,3.9179284332384725,0.3293564319439915,1.00272;1.00002;0.00027,-1.350521322264182,121.10648034179121,0.319844633783862,0.3634735527117646,0.10820805145334439,0.8322511148732951,0.914362125907475,0.8717008283942678,0.5205134636143256,4,14.889953705180238,0.6714285714285713,0.0,10.458031652265586,halpha,0.08151524948247288,8,42.1755565067036,35.29006089566141,-3.0244599152068736,halpha,10.661717155911571,4.592937837927656,GJ 667 C f,GJ 667 C,DISPUTED,39.026,1.08,4,~105,2,False,0.0
GJ2046,260,5639.7227063002065,201.33059843942607,6.627112127859789,6.718629953603491,0.0,0.0,6.537311103089173,-1.4390591140418119,2.4149733479708178,1.4473479666873448,True,-0.4999999999999993,1.1184114419023625,0.98267167351294,-27.607631215671105,35.04106208867358,0.33905077341762996,0.1308797483486472,2.590551843929599,0.22358726766978912,1.00273;1.00000;0.00278,1.7517610930353094,128.4588041713888,1.4784752977527758,1.592427759551967,0.3786355381360913,0.1129002673481008,0.0007812897675850354,5.973629748020119,16.788173158838664,4,69.75216493374263,0.6499999999999999,7.251779993987475,15.74090892420781,dlw,0.5585362339834915,8,28.205860529318713,31.111017244282397,-2.223879706675962,dlw,171.93636526911516,19.04264657180025,HD 40307 g,HD 40307,DISPUTED,197.8,0.95,0,,4,False,0.5
GJ2046,260,5639.7227063002065,199.5496838730205,3.0860093011904155,3.1085971581167926,0.0,0.0,3.063650309192582,-0.6701184053045538,2.4149733479708178,1.451206707021068,True,-0.25000000000000205,1.1184114419023625,0.9913503722221355,-30.762768632307974,35.04106208867358,0.23127515164245596,0.13124548007414855,1.7621570778040858,0.15251472637021002,1.00273;1.00000;0.00278,-2.6723684677398505,34.766583809755595,1.191194294607399,1.2098983923032003,0.3573169406163832,0.02688957397715088,0.0002655804744044475,9.188279039544454,19.060937210589227,4,96.89911012143672,0.5642857142857142,12.15443651574996,15.55395918545446,dlw,0.5585366402905949,8,28.205860529318713,31.111017244282397,-2.223879706675962,dlw,171.68636526911516,19.292646571800248,HD 40307 g,HD 40307,DISPUTED,197.8,0.95,0,,4,False,0.25
GJ2046,260,5639.7227063002065,197.8,1.9979542381504416,2.0081974304940924,0.0,0.0,1.987829453687203,-0.4338502503619761,2.4149733479708178,1.4550314638703703,False,0.0,1.1184114419023625,0.9941663115321202,-31.717301635154655,35.04106208867358,0.19780373442864005,0.1395850029097403,1.4170844310297839,0.1304419986460342,1.00273;1.00000;0.00278,-4.194392437727624,25.636121651614367,0.9622531936392252,1.3733345047729926,0.3938285395298137,0.001375607193900557,0.004037048942944209,15.590545875731586,13.2966703409517,4,95.91016826713643,0.5142857142857142,14.779190070396076,14.86500081537116,halpha,0.5585367705821342,8,28.205860529318713,31.111017244282397,-2.223879706675962,dlw,171.43636526911516,19.54264657180025,HD 40307 g,HD 40307,DISPUTED,197.8,0.95,0,,4,False,0.0
